1,TAPAS PAUL,Alipore,AITC,1,Graduate,7002653,~ 70 Lacs+,123259,~ 1 Lacs+
2,NIRMAL DAS,Alipurdua,P,0,Post Graduate,2263091,~ 22 Lacs+,0,~
3,ABDUS SATTAR,Amdanga,CPM,0,Doctorate,2198556,~ 21 Lacs+,880000,~ 8 Lacs+
4,PRATYUSH MUKHERJEE,Amta,CPM,0,Graduate,609500,~ 6 Lacs+,0,~
5,SABITRI MITRA,Araidanga,INC,0,10th Pass,1647179,~ 16 Lacs+,0,~
6,BINOY DATTA,Arambagh,CPM,0,Literate,868603,~ 8 Lacs+,143990,~ 1 Lacs+
7,PRABHAT MAHATO,Aa,AIFB,0,Post Graduate,491371,~ 4 Lacs+,249000,~ 2 Lacs+
8,PRATIVARANJAN MUKHERJEE,Asansol,CPM,0,Post Graduate,12037503,~ 1 Crore+,186339,~ 1 Lacs+
9,SATYASEBI KAR,Ashokenagar,CPM,0,Graduate Professional,425105,~ 4 Lacs+,0,~
10,TOUAB ALI,Aurangabad,CPM,0,12th Pass,1959761,~ 19 Lacs+,0,~
11,KARTICK CHANDRA BAG,Ausgram,CPM,0,8th Pass,594906,~ 5 Lacs+,0,~
12,MD. SHELIM GAIN,Baduria,CPM,0,Graduate Professional,926168,~ 9 Lacs+,225931,~ 2 Lacs+
13,DULAL BAR,Bagdaha,AITC,0,Graduate,820005,~ 8 Lacs+,0,~
14,AKKEL ALI KHAN,Bagnan,CPM,0,Graduate,2790615,~ 27 Lacs+,316750,~ 3 Lacs+
15,DIBAKANTA ROUTH,Balagarh,CPM,0,12th Pass,1118480,~ 11 Lacs+,8000,~ 8 Thou+
16,KANIKA GANGULY,Bally,CPM,0,Post Graduate,3069750,~ 30 Lacs+,0,~
17,AHMED JAVED KHAN,Ballygunge,AITC,1,Not Given,7650000,~ 76 Lacs+,1400000,~ 14 Lacs+
18,BHANDU MAJHI,Balrampur,CPM,0,12th Pass,640905,~ 6 Lacs+,0,~
19,BISWANATH CHOUDHURY,Balurghat,P,0,Graduate,1417328,~ 14 Lacs+,0,~
20,UPENDRA NATH HANSDA,Banduan,CPM,0,8th Pass,265513,~ 2 Lacs+,0,~
21,PARTHA DE,Bankura,CPM,0,Graduate Professional,854841,~ 8 Lacs+,0,~
22,ASHUTOSH MUKHOPADHYAY,Bansberia,CPM,0,Post Graduate,1732500,~ 17 Lacs+,0,~
23,MD. SOHRAB,Bara Bazar,RJD,0,8th Pass,8574818,~ 85 Lacs+,135588,~ 1 Lacs+
24,DILIP SARKAR,Barabani,CPM,0,12th Pass,1730757,~ 17 Lacs+,0,~
25,AMAR CHOWDHURY,Baranagar,P,0,Graduate,1353171,~ 13 Lacs+,0,~
26,DR. BITHIKA MONDAL,Barasat,AIFB,0,Doctorate,425000,~ 4 Lacs+,375000,~ 3 Lacs+
27,SUSMITA BISWAS,Barjora,CPM,0,Graduate,276500,~ 2 Lacs+,0,~
28,RAHUL GHOSH,Baruipur,CPM,1,Graduate,141685,~ 1 Lacs+,0,~
29,BISWA NATH BANERJEE,Barwan,P,0,Graduate,1205268,~ 12 Lacs+,97697,~ 97 Thou+
30,SUBHAS NASKAR,Basanti,P,0,Not Given,3337276,~ 33 Lacs+,0,~
31,NARAYAN MUKHERJEE,Basirhat,CPM,0,Post Graduate,1121724,~ 11 Lacs+,0,~
32,KUMKUM CHAKRABORTI,Behala East,CPM,0,Post Graduate,2026591,~ 20 Lacs+,471000,~ 4 Lacs+
33,PARTHA CHATTERJEE,Behala West,AITC,0,Graduate Professional,850500,~ 8 Lacs+,2308486,~ 23 Lacs+
34,REFATULLAH MD.,Beldanga,P,0,Post Graduate,3040625,~ 30 Lacs+,0,~
35,SUBHAS CHAKRABORTI,Belgachia East,CPM,0,Graduate,2192399,~ 21 Lacs+,0,~
36,SUJIT BOSE,Belgachia East : Bye-election on 07-11-2009,AITC,0,12th Pass,3061048,~ 30 Lacs+,2226741,~ 22 Lacs+
37,MALA SAHA,Belgachia West,AITC,0,Post Graduate,1415519,~ 14 Lacs+,235070,~ 2 Lacs+
38,MANABENDRA MUKHERJEE,Beliaghata,CPM,0,Graduate,1567487,~ 15 Lacs+,32920,~ 32 Thou+
39,MANOJ CHAKRABORTY,Berhampore,IND,1,Graduate,744624,~ 7 Lacs+,200000,~ 2 Lacs+
40,CHAND MOHAMMAD,Bhagabangola,WBSP,0,10th Pass,1051592,~ 10 Lacs+,0,~
41,ARABUL  ISLAM,Bhangar,AITC,0,8th Pass,853000,~ 8 Lacs+,0,~
42,ID MOHAMMAD,Bharatpur,P,0,Graduate,1001845,~ 10 Lacs+,0,~
43,SAYED MD. MASIH,Bhatar,CPM,0,Graduate Professional,1237422,~ 12 Lacs+,66663,~ 66 Thou+
44,DR. NIRJHARINI CHAKRABARTY,Bijpur,CPM,0,Post Graduate,900000,~ 9 Lacs+,489848,~ 4 Lacs+
45,CHUNIBALA HANSDA,Binpur,JKP(N),1,10th Pass,1125365,~ 11 Lacs+,0,~
46,ANANDA KUMAR BISWAS,Bishnupur East,CPM,4,Graduate Professional,898777,~ 8 Lacs+,0,~
47,RATHIN SARKAR,Bishnupur West,CPM,0,Graduate,448729,~ 4 Lacs+,0,~
48,TAPAN HORE,Bolpur,P,0,Post Graduate,924642,~ 9 Lacs+,266617,~ 2 Lacs+
49,BHUPENDRA NATH SETH,Bongaon,AITC,0,12th Pass,531756,~ 5 Lacs+,41412,~ 41 Thou+
50,GOPAL SETH,Bongaon : Bye-election on 07-11-2009,AITC,0,Graduate,660000,~ 6 Lacs+,0,~
51,SUDIP BANDYOPADHYAY,Bow Bazar,INC,0,Graduate,4097608,~ 40 Lacs+,0,~
52,ASHOK KUMAR DEB,Budge Budge,AITC,1,Graduate Professional,30000,~ 30 Thou+,0,~
53,PRADIP TAH,Burdwan North,CPM,0,Graduate,3669646,~ 36 Lacs+,399691,~ 3 Lacs+
54,NIRUPAM SEN,Burdwan South,CPM,0,Graduate,1451221,~ 14 Lacs+,0,~
55,SADHAN PANDE,Burtola,AITC,0,Graduate Professional,12879105,~ 1 Crore+,964554,~ 9 Lacs+
56,ABDUR RAZZAK MOLLA,Canning East,CPM,0,Graduate,2664765,~ 26 Lacs+,0,~
57,DWIJAPADA MONDOL,Canning West,CPM,0,12th Pass,1037550,~ 10 Lacs+,0,~
58,MALAY KUMAR SAMANTA,Chakdaha,CPM,1,Doctorate,38160,~ 38 Thou+,28931,~ 28 Thou+
59,JIBESH CHAKRABORTY,Champdani,CPM,0,Graduate Professional,1401175,~ 14 Lacs+,111,~ 1 Hund+
60,SIBAPROSAD (RATAN) BANDYOPADHYAY,Chandernagore,CPM,0,Graduate,565232,~ 5 Lacs+,153792,~ 1 Lacs+
61,BHAKTARAM PAN,Chanditala,CPM,0,10th Pass,433901,~ 4 Lacs+,0,~
62,GURUPADA DUTTA,Chandrakona,CPM,0,Graduate,898812,~ 8 Lacs+,0,~
63,SHAMSUL ISLAM MOLLAH,Chapra,CPM,0,Graduate Professional,1867000,~ 18 Lacs+,7068,~ 7 Thou+
64,ANATH BANDHU MONDAL,Chhatna,P,0,Graduate,499073,~ 4 Lacs+,0,~
65,NARENDRA NATH DEY,Chinsurah,AIFB,0,Graduate,4019889,~ 40 Lacs+,0,~
66,ANWARUL HAQUE,Chopra,CPM,0,Graduate,785000,~ 7 Lacs+,40000,~ 40 Thou+
67,SUBRATA BAKSHI,Chowringhee,AITC,0,Graduate Professional,2914992,~ 29 Lacs+,0,~
68,CHAKRADHAR MAIKAP,Contai North,CPM,0,Post Graduate,348500,~ 3 Lacs+,220000,~ 2 Lacs+
69,SUVENDU ADHIKARI,Contai South,AITC,4,Graduate,2574876,~ 25 Lacs+,400000,~ 4 Lacs+
70,DIPAK CHANDRA SARKAR,Cooch Behar North,AIFB,0,12th Pass,901048,~ 9 Lacs+,105370,~ 1 Lacs+
71,AKSHAY THAKUR,Cooch Behar West,AIFB,1,Not Given,738603,~ 7 Lacs+,0,~
72,BANDYOPADHYAY TARAK,Cossipur,AITC,0,Graduate Professional,1715741,~ 17 Lacs+,0,~
73,NANDA GOPAL BATTACHARJEE,Dantan,CPI,0,Graduate,3248372,~ 32 Lacs+,0,~
74,PRANAY RAI,Darjeeling,GNLF,1,Graduate Professional,349307,~ 3 Lacs+,0,~
75,SUNIL ADHIKARI,Daspur,CPM,0,Post Graduate,1696265,~ 16 Lacs+,492341,~ 4 Lacs+
76,SK. JAHANGIR KARIM,Debra,CPM,1,12th Pass,466000,~ 4 Lacs+,237000,~ 2 Lacs+
77,DR. MORTOZA HOSSAIN,Deganga,AIFB,0,Doctorate,2773000,~ 27 Lacs+,900000,~ 9 Lacs+
78,KSHITI GOSWAMI,Dhakuria,P,0,Graduate,1198638,~ 11 Lacs+,0,~
79,LAKSHMI KANTA ROY,Dhupguri,CPM,0,12th Pass,460782,~ 4 Lacs+,0,~
80,RISHI HALDER,Diamond Harbour,CPM,0,Graduate Professional,5913792,~ 59 Lacs+,0,~
81,ASHOK MANDAL,Dinhata,AITC,1,Not Given,1100000,~ 11 Lacs+,0,~
82,MOHANTA CHATTERJEE,Domjur,CPM,0,Graduate Professional,385419,~ 3 Lacs+,0,~
83,ANISUR RAHAMAN,Domkal,CPM,0,Post Graduate,3195000,~ 31 Lacs+,0,~
84,GHOSH BHAKTI PADA,Dubrajpur,AIFB,0,Post Graduate,442065,~ 4 Lacs+,0,~
85,REKHA GOSWAMI,Dum Dum,CPM,0,Graduate,271481,~ 2 Lacs+,0,~
86,MRINAL BANERJEE,Durgapur-I,CPM,0,Graduate Professional,6114135,~ 61 Lacs+,0,~
87,ARCHANA BHATTACHARYA,Durgapur-I : Bye-election on 05-07-2010,CPI,0,10th Pass,465265,~ 4 Lacs+,0,~
88,BIPRENDU KUMAR CHAKRABORTY,Durgapur-II,CPM,0,Graduate,2437277,~ 24 Lacs+,50248,~ 50 Thou+
89,DAS SAMARES,Egra : Bye-election on 07-11-2009,AITC,0,Post Graduate,5565959,~ 55 Lacs+,75000,~ 75 Thou+
90,KRISHNENDU NARAYAN CHOUDHURY,Englishbazar,INC,12,Graduate Professional,2470289,~ 24 Lacs+,0,~
91,HASHIM ABDUL HALIM,Entally,CPM,0,Post Graduate,1508714,~ 15 Lacs+,0,~
92,JOGESH CH. BARMAN,Falakata,CPM,0,Post Graduate,1314364,~ 13 Lacs+,0,~
93,CHANDANA GHOSHDOSTIDAR,Falta,CPM,0,Post Graduate,151818,~ 1 Lacs+,0,~
94,MAINUL HAQUE,Farakka,INC,1,10th Pass,2501400,~ 25 Lacs+,345445,~ 3 Lacs+
95,JYOTI PRIYA  MALLICK,Gaighata,AITC,0,Graduate Professional,503841,~ 5 Lacs+,0,~
96,SADHU TUDU,Gajol,CPM,0,Graduate Professional,659278,~ 6 Lacs+,219084,~ 2 Lacs+
97,MEHBUB MONDAL,Galsi,AIFB,0,Graduate Professional,2709100,~ 27 Lacs+,0,~
98,ANGAD BAURI,Gangajalghati,CPM,0,10th Pass,57411,~ 57 Thou+,35000,~ 35 Thou+
99,NARAYAN BISWAS,Gangarampur,CPM,3,12th Pass,1042441,~ 10 Lacs+,0,~
100,ABDUL KHALEQUE MOLLA,Garden Reach,INC,2,12th Pass,400000,~ 4 Lacs+,0,~
101,GHOSH SUSANTA,Garhbeta East,CPM,1,12th Pass,4027744,~ 40 Lacs+,0,~
102,KRISHNA PRASAD DULEY,Garhbeta West,CPM,0,10th Pass,287515,~ 2 Lacs+,0,~
103,DEEPA DASMUNSI,Goalpokhar,INC,0,Post Graduate,13321540,~ 1 Crore+,0,~
104,ALI IMRAN RAMZ,Goalpokhar : Bye-election on 07-11-2009,AIFB,3,Not Given,2543652,~ 25 Lacs+,0,~
105,NIRANJAN PANDIT,Goghat,AIFB,0,Graduate,183351,~ 1 Lacs+,31000,~ 31 Thou+
106,RABI LAL MAITRA,Gopiballavpur,CPM,0,Graduate Professional,65633793,~ 6 Crore+,0,~
107,CHITTA RANJAN MANDAL,Gosaba,P,2,Post Graduate,1436356,~ 14 Lacs+,35000,~ 35 Thou+
108,KHAGEN MURMU,Habibpur,CPM,0,Graduate,757001,~ 7 Lacs+,0,~
109,PRANAB KUMAR BHATTACHARYYA,Habra,CPM,0,Post Graduate,667954,~ 6 Lacs+,0,~
110,ASIT KUMAR MAL,Hansan,INC,0,12th Pass,8450,~ 8 Thou+,0,~
111,NAYAN SARKAR,Hanskhali,CPM,0,12th Pass,838822,~ 8 Lacs+,0,~
112,INSAR ALI BISWAS,Hariharpara,CPM,0,Post Graduate,1069300,~ 10 Lacs+,100000,~ 1 Lacs+
113,BANKIM CHANDRA GHOSH,Haringhata,CPM,0,12th Pass,1372777,~ 13 Lacs+,82030,~ 82 Thou+
114,BHARATI MUKHERJEE,Haripal,CPM,0,Graduate Professional,925315,~ 9 Lacs+,0,~
115,TAJMUL HOSSAIN,Harishchandrapur,AIFB,1,10th Pass,2070618,~ 20 Lacs+,0,~
116,ASIM KUMAR DAS,Haroa,CPM,0,Graduate,4126231,~ 41 Lacs+,3740,~ 3 Thou+
117,GOUTAM DEB,Hasnabad,CPM,0,Post Graduate,1467777,~ 14 Lacs+,0,~
118,GOPAL GAYEN,Hingalganj,CPM,0,Graduate,230000,~ 2 Lacs+,0,~
119,AMITAVA MUKHOPADHYAY,Hirapur,CPM,0,Post Graduate,3751795,~ 37 Lacs+,52286,~ 52 Thou+
120,ARUP RAY (TUKUN),Howrah Central,CPM,0,Graduate,1819761,~ 18 Lacs+,0,~
121,LAGAN DEO SINGH,Howrah North,CPM,0,Graduate,2009544,~ 20 Lacs+,0,~
122,KRISHNA KISOR RAY (K.K.RAY),Howrah South,CPM,0,Graduate,793183,~ 7 Lacs+,0,~
123,SUBHAS CHANDRA MAHATA,Hura,CPM,0,Post Graduate,718023,~ 7 Lacs+,0,~
124,MAHADEB PATRA,Indas,CPM,0,Graduate,76000,~ 76 Thou+,0,~
125,INDRAJIT TANGI,Indpur,CPI,0,Graduate Professional,1758708,~ 17 Lacs+,0,~
126,MD. FARUQUE,Islampur,CPM,1,Graduate Professional,1685270,~ 16 Lacs+,940,~ 9 Hund+
127,SRIKUMAR MUKHERJEE,Itahar,CPI,0,Doctorate,2312837,~ 23 Lacs+,450957,~ 4 Lacs+
128,BUDDHADEB BHATTACHARJEE,Jadavpur,CPM,0,Graduate,1542394,~ 15 Lacs+,0,~
129,BIPLAB MAJUMDAR,Jagatballavpur,CPM,0,12th Pass,928168,~ 9 Lacs+,0,~
130,HARIPADA BISWAS,Jagatdal,AIFB,0,10th Pass,2320664,~ 23 Lacs+,16691,~ 16 Thou+
131,BINDESWAR MAHATO,Jaipur,AIFB,0,10th Pass,1815000,~ 18 Lacs+,298358,~ 2 Lacs+
132,UNUS SARKAR,Jalangi,CPM,0,Graduate Professional,1290541,~ 12 Lacs+,450000,~ 4 Lacs+
133,DEBA PRASAD ROY,Jalpaiguri,INC,0,Graduate,4766476,~ 47 Lacs+,2360076,~ 23 Lacs+
134,SAMAR HAZRA,Jamalpur,IND,0,10th Pass,346534,~ 3 Lacs+,13496,~ 13 Thou+
135,DHIRAJLAL HAZRA,Jamuria,CPM,0,12th Pass,1169521,~ 11 Lacs+,0,~
136,SUDAAN RAYCHAUDHURI,Jangipara,CPM,0,Post Graduate,3592319,~ 35 Lacs+,0,~
137,ABUL HASNAT,Jangipur,P,0,10th Pass,3181826,~ 31 Lacs+,0,~
138,AMAR BASU,Jhargram,CPM,2,Graduate,473738,~ 4 Lacs+,30000,~ 30 Thou+
139,PARIMAL BISWAS,Jorabagan,CPM,0,8th Pass,528052,~ 5 Lacs+,0,~
140,DINESH BAJAJ,Jorasanko,AITC,0,8th Pass,2678971,~ 26 Lacs+,0,~
141,RAM PYARE RAM,Kabitirtha,INC,0,Not Given,2164500,~ 21 Lacs+,0,~
142,ASHOK GIRI,Kakdwip,CPM,0,Post Graduate,5133974,~ 51 Lacs+,0,~
143,MANOHAR TIRKEY,Kalchini,P,0,10th Pass,2010532,~ 20 Lacs+,0,~
144,WILSON CHAMPRAMARY,Kalchini : Bye-election on 07-11-2009,IND,0,10th Pass,3856,~ 3 Thou+,0,~
145,BISWANATH GHOSH,Kaliachak,CPM,0,Graduate,1728529,~ 17 Lacs+,0,~
146,NANI GOPAL ROY,Kaliaganj,CPM,0,Literate,412051,~ 4 Lacs+,0,~
147,DHANANJOY MODAK,Kaliganj,P,1,Graduate,550828,~ 5 Lacs+,224887,~ 2 Lacs+
148,GAULAN LEPCHA,Kalimpong,GNLF,0,12th Pass,1004300,~ 10 Lacs+,221744,~ 2 Lacs+
150,RABINDRA NATH MITRA,Kalyanpur,CPM,0,Post Graduate,827234,~ 8 Lacs+,55379,~ 55 Thou+
151,MANASH MUKHERJEE,Kamarhati,CPM,0,Graduate,2008528,~ 20 Lacs+,186129,~ 1 Lacs+
152,APURBA SARKAR (DAVID),Kandi,IND,2,12th Pass,765762,~ 7 Lacs+,0,~
153,ANKURE SARESH,Kanksa,CPM,0,8th Pass,726760,~ 7 Lacs+,0,~
154,GOKUL ROY,Karandighi,AIFB,0,Graduate,1090193,~ 10 Lacs+,0,~
155,PRAFULLA KUMAR BHOWMICK,Karimpur,CPM,1,Post Graduate,2565928,~ 25 Lacs+,0,~
156,RABINDRA NATH HEMBRAM,Kashipur,CPM,0,10th Pass,337394,~ 3 Lacs+,0,~
157,CHATTERJEE RABINDRANATH,Katwa,INC,1,Graduate,2530935,~ 25 Lacs+,0,~
158,MAHESWAR  MURMU,Keshiari,CPM,0,12th Pass,1163965,~ 11 Lacs+,478925,~ 4 Lacs+
159,RAMESWAR DOLOI,Keshpur,CPM,3,12th Pass,410939,~ 4 Lacs+,91994,~ 91 Thou+
160,TAMAL CHANDRA MAJHI,Ketugram,CPM,0,Graduate,365435,~ 3 Lacs+,0,~
161,SWADESH PATRA,Khajuri,WBSP,0,10th Pass,364450,~ 3 Lacs+,120,~ 1 Hund+
162,BANSHI BADAN MAITRA,Khanakul,CPM,0,Post Graduate,578660,~ 5 Lacs+,0,~
163,PRASANTA MAJHI,Khandaghosh,CPM,0,Post Graduate,179415,~ 1 Lacs+,30062,~ 30 Thou+
164,HAQUE  NAZMUL,Kharagpur Rural,CPM,0,Graduate,506900,~ 5 Lacs+,120072,~ 1 Lacs+
165,GYAN SINGH SOHANPAL,Kharagpur Town,INC,0,10th Pass,587989,~ 5 Lacs+,0,~
166,MAHABUBUL HAQUE(BADAL),Kharba,INC,1,Graduate,2978017,~ 29 Lacs+,135800,~ 1 Lacs+
167,ASIM KUMAR DASGUPTA,Khardah,CPM,0,Doctorate,3081397,~ 30 Lacs+,0,~
168,MANABENDRANATH SAHA,Khargram,CPM,1,Graduate,132000,~ 1 Lacs+,344500,~ 3 Lacs+
169,KALPANA KOLEY,Kotulpur,CPM,0,10th Pass,203000,~ 2 Lacs+,0,~
170,FAZLUL KARIM,Kranti,CPM,0,10th Pass,229516,~ 2 Lacs+,30000,~ 30 Thou+
171,BINAY KRISHNA BISWAS,Krishnaganj,CPM,0,Graduate Professional,362838,~ 3 Lacs+,0,~
172,GHOSH SUBINAY (BHAJAN),Krishnagar East,CPM,0,Graduate Professional,24418,~ 24 Thou+,0,~
173,ASOKE BANERJEE,Krishnagar West,CPM,0,Graduate Professional,2065812,~ 20 Lacs+,0,~
174,SAKUNTALA PAIK,Kulpi,CPM,0,Graduate Professional,619962,~ 6 Lacs+,461887,~ 4 Lacs+
175,JOYKRISHNA HALDER,Kultali,IND,2,10th Pass,72024,~ 72 Thou+,10800,~ 10 Thou+
176,UJJAL CHATTERJEE,Kulti,AITC,0,Graduate,201970,~ 2 Lacs+,0,~
177,MAFUJA KHATUN,Kumarganj,CPM,0,Graduate,209236,~ 2 Lacs+,0,~
178,DASRATH TIRKEY,Kumargram,P,0,Graduate,115654,~ 1 Lacs+,0,~
179,SHANTA CHHETRI,Kueong,GNLF,0,Post Graduate,917325,~ 9 Lacs+,11132,~ 11 Thou+
180,NABANITA MUKHERJEE,Labhpur,CPM,0,12th Pass,64000,~ 64 Thou+,0,~
181,ABU HENA,Lalgola,INC,0,Post Graduate,2439264,~ 24 Lacs+,9602,~ 9 Thou+
182,KUMARI KUJUR,Madarihat,P,0,10th Pass,664868,~ 6 Lacs+,77942,~ 77 Thou+
183,BANSARI MOHAN KANJI,Magrahat East,CPM,0,Graduate,497963,~ 4 Lacs+,0,~
184,DR.ABUL HASNAT,Magrahat West,CPM,0,Post Graduate,3460758,~ 34 Lacs+,0,~
185,DHIREN BAGDI,Mahammad Bazar,CPM,2,10th Pass,37296,~ 37 Thou+,0,~
186,MUALIN MOLLA,Maheshtala,CPM,0,Post Graduate,2070700,~ 20 Lacs+,0,~
187,TAMALIKA PANDA SETH,Mahishadal,CPM,0,Graduate,952456,~ 9 Lacs+,0,~
188,BACHCHAMOHAN ROY,Mainaguri,P,0,Post Graduate,287030,~ 2 Lacs+,108049,~ 1 Lacs+
189,SOMRA LAKRA,Mal,CPM,0,12th Pass,97000,~ 97 Thou+,100000,~ 1 Lacs+
190,SUBHENDU CHOWDHURY,Malda,CPM,0,Graduate Professional,7957515,~ 79 Lacs+,0,~
191,SAMYA PYARI MAHATO,Manbazar,CPM,0,12th Pass,967989,~ 9 Lacs+,0,~
192,DR. TAPATI SAHA,Mandirbazar,CPM,0,Graduate Professional,2427301,~ 24 Lacs+,355873,~ 3 Lacs+
193,SADHANA MALLIK,Mangalkot,CPM,0,10th Pass,411619,~ 4 Lacs+,0,~
194,RUPA BAGCHI,Manicktola,CPM,0,Post Graduate,62201,~ 62 Thou+,0,~
195,ASIMA CHAUDHURI,Manikchak,CPM,0,Graduate Professional,3937735,~ 39 Lacs+,0,~
196,CHAUDHURI MD. HEDAYATULLAH,Manteswar,CPM,0,10th Pass,1524500,~ 15 Lacs+,60000,~ 60 Thou+
197,ANANTA ROY,Mathabhanga,CPM,0,10th Pass,2163000,~ 21 Lacs+,0,~
198,Kanti Gangopadhyay,Mathurapur,CPM,0,Graduate,1670316,~ 16 Lacs+,0,~
199,BAGDI SADHUCHARAN,Mayureswar,CPM,0,Graduate,172045,~ 1 Lacs+,186228,~ 1 Lacs+
200,PARESH CHANDRA ADHIKARY,Mekliganj,AIFB,0,10th Pass,1753353,~ 17 Lacs+,191398,~ 1 Lacs+
201,SANDHYA BHATTACHARYA,Memari,CPM,0,Post Graduate,2330885,~ 23 Lacs+,0,~
202,SANTOSH RANA,Midnapore,CPI,0,Graduate,914835,~ 9 Lacs+,0,~
203,SK. MUJIBUR RAHMAN,Moyna,CPM,0,Post Graduate,1523274,~ 15 Lacs+,329147,~ 3 Lacs+
204,KIRANMAY NANDA,Mugberia,WBSP,0,Graduate,15500911,~ 1 Crore+,0,~
205,ELAHI MD. QAMRE,Murarai,CPM,0,Post Graduate,5540511,~ 55 Lacs+,480139,~ 4 Lacs+
206,BIVAS CHAKRABORTY,Muhidabad,AIFB,0,12th Pass,1475,~ 1 Thou+,0,~
207,PUNDARIKAKSHYA SAHA,Nabadwip,AITC,0,Graduate,20139,~ 20 Thou+,0,~
208,MUKUL MONDAL,Nabagram,CPM,0,10th Pass,327000,~ 3 Lacs+,0,~
209,SWAPAN DEBNATH,Nadanghat,AITC,1,Post Graduate,348723,~ 3 Lacs+,142160,~ 1 Lacs+
210,SUKHMOITH (PITING) ORAON,Nagrakata,CPM,0,5th Pass,84283,~ 84 Thou+,0,~
211,RANJIT KUNDU,Naihati,CPM,0,Graduate,2392379,~ 23 Lacs+,0,~
212,KALLOL KHAN,Nakashipara,AITC,0,12th Pass,6121,~ 6 Thou+,0,~
213,DIPAK CHATTERJEE,Nalhati,AIFB,0,10th Pass,823104,~ 8 Lacs+,10925,~ 10 Thou+
214,CHOWDHURY CHAKRABORTY BULA,Nandanpur,CPM,0,10th Pass,7959500,~ 79 Lacs+,0,~
215,ILLIAS MAHAMMAD SK.,Nandigram,CPI,0,Graduate,493632,~ 4 Lacs+,7018,~ 7 Thou+
216,JOYDEB HAZRA,Nanur,CPM,1,12th Pass,50000,~ 50 Thou+,0,~
217,ABU TAHER KHAN,Naoda,INC,3,10th Pass,3301000,~ 33 Lacs+,55324,~ 55 Thou+
218,SURJYA KANTA MISHRA,Narayangarh,CPM,0,Graduate Professional,817818,~ 8 Lacs+,185164,~ 1 Lacs+
219,NANDA BRAHMAMAY,Narghat,WBSP,0,Post Graduate,3754872,~ 37 Lacs+,837,~ 8 Hund+
220,TAMSER ALI,Natabari,CPM,0,10th Pass,2526169,~ 25 Lacs+,261882,~ 2 Lacs+
221,BHUTNATH SAREN,Nayagram,CPM,0,Graduate Professional,139300,~ 1 Lacs+,349797,~ 3 Lacs+
222,KUSADHWAJ GHOSH,Noapara,CPM,0,Doctorate,6240513,~ 62 Lacs+,695134,~ 6 Lacs+
223,TARAPADA CHAKRABARTI,Onda,AIFB,0,Post Graduate,878084,~ 8 Lacs+,102000,~ 1 Lacs+
224,BISWANATH GHOSH,Palashipara,CPM,0,Graduate Professional,833217,~ 8 Lacs+,0,~
225,DOLI ROY,Panchla,AIFB,0,Post Graduate,304500,~ 3 Lacs+,0,~
226,SEKH MAJED ALI,Pandua,CPM,0,Graduate Professional,1475661,~ 14 Lacs+,0,~
227,GOPAL KRISHNA BHATTACHARYYA,Panihati,CPM,0,10th Pass,564799,~ 5 Lacs+,0,~
228,AMIYA KUMAR SAHOO,Panskura East,CPM,4,Graduate,1644600,~ 16 Lacs+,0,~
229,CHITTARANJAN DASTHAKUR,Panskura West,CPI,2,Post Graduate,2567321,~ 25 Lacs+,0,~
230,BILASIBALA SAHIS .,Para,CPM,0,Graduate Professional,577270,~ 5 Lacs+,0,~
231,JAJNESWAR DAS,Patharpratima,CPM,0,Graduate,206858,~ 2 Lacs+,0,~
232,KISKU CHHOTAN,Phansidewa,CPM,1,10th Pass,505012,~ 5 Lacs+,0,~
233,RAMPADA  SAMANTA,Pingla,DSP(P),0,Post Graduate,1635947,~ 16 Lacs+,0,~
234,SHAKTIPADA KHANRA,Polba,CPM,0,Graduate,1335928,~ 13 Lacs+,21500,~ 21 Thou+
235,SUBRATA  BHOWAL,Purbasthali,CPM,0,12th Pass,575000,~ 5 Lacs+,160000,~ 1 Lacs+
236,SAUMENDRANATH BERA,Puurah,CPM,0,Doctorate,865611,~ 8 Lacs+,0,~
237,NIKHIL MUKHERJEE,Purulia,CPM,0,Graduate,1927544,~ 19 Lacs+,0,~
238,UMA RANI BOURI,Raghunathpur,CPM,0,12th Pass,464659,~ 4 Lacs+,0,~
239,CHITTA RANJAN RAY,Raiganj,INC,0,Graduate Professional,954128,~ 9 Lacs+,72110,~ 72 Thou+
240,SWAPAN SAMANTA,Raina,CPM,0,12th Pass,377744,~ 3 Lacs+,0,~
241,UPEN KISKU,Raipur,CPM,0,Graduate,960500,~ 9 Lacs+,0,~
242,RABINDRANATH MANDAL,Rajarhat,CPM,0,Graduate,3565458,~ 35 Lacs+,0,~
243,MAHENDRA KUMAR ROY,Rajganj,CPM,0,Graduate Professional,1470653,~ 14 Lacs+,26229,~ 26 Thou+
244,KHAGESWAR ROY,Rajganj : Bye-election on 07-11-2009,AITC,0,12th Pass,888442,~ 8 Lacs+,54604,~ 54 Thou+
245,BIJOY BAGDI,Rajnagar,AIFB,0,10th Pass,192556,~ 1 Lacs+,0,~
246,SWADESH RANJAN NAYAK,Ramnagar,CPM,1,8th Pass,8144427,~ 81 Lacs+,2059400,~ 20 Lacs+
247,ASISH BANERJEE,Rampurhat,AITC,0,Doctorate,2200606,~ 22 Lacs+,2714,~ 2 Thou+
248,DEBENDRA NATH BISWAS,Ranaghat East,CPM,0,Graduate,8472234,~ 84 Lacs+,227200,~ 2 Lacs+
249,ALOKE KUMAR DAS,Ranaghat West,CPM,0,Post Graduate,142054,~ 1 Lacs+,0,~
250,DEBLINA HEMBRAM,Ranibandh,CPM,0,8th Pass,310836,~ 3 Lacs+,13232,~ 13 Thou+
251,HARADHAN JHA,Raniganj,CPM,1,10th Pass,879230,~ 8 Lacs+,47663,~ 47 Thou+
252,SOBHANDEB CHATTOPADHYAY,Rashbehari Avenue,AITC,2,Graduate Professional,2562518,~ 25 Lacs+,0,~
253,SAILEN SARKAR,Ratua,CPM,0,Graduate,5040768,~ 50 Lacs+,0,~
254,MANAS RANJAN BHUNIA,Sabang,INC,0,Graduate Professional,12293607,~ 1 Crore+,0,~
255,MILAN PARUA,Sagar,CPM,1,Post Graduate,962437,~ 9 Lacs+,0,~
256,PARIKSHIT LET,Sagardighi,CPM,0,10th Pass,141346,~ 1 Lacs+,0,~
257,KHAGENDRA NATH MAHATA,Salbani,CPM,2,12th Pass,658706,~ 6 Lacs+,0,~
258,ABANI ROY,Sandeshkhali,CPM,0,Graduate,1157967,~ 11 Lacs+,0,~
259,SITAL KUMAR SARDAR,Sankrail,AITC,0,12th Pass,1034682,~ 10 Lacs+,0,~
260,AJOY DEY,Santipur,INC,0,Graduate,949418,~ 9 Lacs+,0,~
261,SONALI GUHA (BOSE),Satgachia,AITC,1,Graduate,973979,~ 9 Lacs+,0,~
262,SOMENDRA NATH MITRA,Sealdah,INC,0,Graduate Professional,2280757,~ 22 Lacs+,32911,~ 32 Thou+
263,SIKHA CHOWDHURY (MITRA),Sealdah : Bye-election on 18-08-2009,AITC,0,Graduate,15235986,~ 1 Crore+,500000,~ 5 Lacs+
264,DR. RATNA DE (NAG),Serampore,AITC,0,Graduate Professional,3946000,~ 39 Lacs+,0,~
265,JIBAN PRAKASH SAHA,Shyampukur,AIFB,0,12th Pass,810569,~ 8 Lacs+,0,~
266,KALI PADA MANDAL,Shyampur,AITC,0,Graduate Professional,1300755,~ 13 Lacs+,200,~ 2 Hund+
267,ASOK BHATTACHARYA,Siliguri,CPM,0,Graduate,1065259,~ 10 Lacs+,0,~
268,RABINDRANATH BHATTACHARJEE,Singur,AITC,0,Post Graduate,859660,~ 8 Lacs+,0,~
269,DR. MD. FAZLE HAQUE,Sitai,INC,0,Post Graduate,213068,~ 2 Lacs+,43444,~ 43 Thou+
270,HARISH CHANDRA BARMAN,Sitalkuchi,CPM,5,12th Pass,768474,~ 7 Lacs+,0,~
271,NIRESH BAGDI,Sonamukhi,CPM,0,Graduate,51500,~ 51 Thou+,226000,~ 2 Lacs+
272,SHYAMAL NASKAR,Sonarpur,CPM,0,Graduate,1071295,~ 10 Lacs+,0,~
273,TAPAN ROY,Suri,CPM,0,Post Graduate,1846583,~ 18 Lacs+,0,~
274,NITYANANDA BERA,Sutahata,CPM,0,Graduate,884389,~ 8 Lacs+,0,~
275,JANE ALAM MIAN,Suti,P,0,Graduate,1216384,~ 12 Lacs+,0,~
276,RUBI NOOR,Suzapur,INC,0,10th Pass,10728419,~ 1 Crore+,0,~
277,ABU NASAR KHAN CHOUDHURY,Suzapur (Bye-election on 07-11-2009),INC,1,Doctorate,3502485,~ 35 Lacs+,0,~
278,MOSTAFA BIN QUASEM,Swarupnagar,CPM,0,Post Graduate,1742700,~ 17 Lacs+,0,~
279,MANORANJAN PATRA,Taldangra,CPM,0,12th Pass,803507,~ 8 Lacs+,40800,~ 40 Thou+
280,DEBESH DAS,Taltola,CPM,0,Doctorate,1682729,~ 16 Lacs+,53435,~ 53 Thou+
281,MITRA JAGANNATH,Tamluk,CPI,0,Post Graduate,3885250,~ 38 Lacs+,0,~
282,KHARA SOREN,Tapan,P,1,10th Pass,1080243,~ 10 Lacs+,0,~
283,PRATIM CHATTERJEE,Tarakeswar,IND,0,Graduate,4247840,~ 42 Lacs+,0,~
284,DR. PRAVIN KUMAR,Titagarh,CPM,0,Post Graduate,5101330,~ 51 Lacs+,100000,~ 1 Lacs+
285,AROOP BISWAS,Tollygunge,AITC,0,Graduate,1644760,~ 16 Lacs+,0,~
286,CHANDRA LEKHA BAG,Udaynarayanpur,CPM,0,Graduate,1296010,~ 12 Lacs+,187000,~ 1 Lacs+
287,MADAN BAURI,Ukhra,CPM,0,10th Pass,1072435,~ 10 Lacs+,0,~
288,MOHAN MONDAL,Uluberia North,CPM,0,Graduate,205648,~ 2 Lacs+,0,~
289,RABINDRA GHOSH,Uluberia South,AIFB,0,10th Pass,2082068,~ 20 Lacs+,0,~
290,PROF. DR. SRUTINATH PRAHARAJ,Uttarpara,CPM,0,Doctorate,1394612,~ 13 Lacs+,0,~
291,ANADI KUMAR SAHU,Vidyasagar,CPM,0,Graduate,2025220,~ 20 Lacs+,0,~
292,SWAPAN GHOSH,Vishnupur,CPM,0,10th Pass,127200,~ 1 Lacs+,50000,~ 50 Thou+
