1,Hamidul Rahaman,CHOPRA,IND,4,10th Pass,2060000,~ 20 Lacs+,50000,~ 50 Thou+
2,Akshay Thakur,COOCHBEHAR DAKSHIN,AIFB,1,12th Pass,4876944,~ 48 Lacs+,0,~
3,Nagendra Nath Roy,COOCHBEHAR UTTAR (SC),AIFB,0,Post Graduate,1514626,~ 15 Lacs+,0,~
4,Udayan Guha,DINHATA,AIFB,3,Graduate,14242375,~ 1 Crore+,276860,~ 2 Lacs+
5,Bulu Chik Baraik,MAL (ST),CPM,0,8th Pass,119867,~ 1 Lacs+,0,~
6,Binay Krishna Barman,MATHABHANGA (SC),AITC,0,Graduate Professional,5335000,~ 53 Lacs+,172000,~ 1 Lacs+
7,Keshab Chandra Ray,SITAI (SC),INC,1,Graduate Professional,1503049,~ 15 Lacs+,0,~
8,Hiten Barman,SITALKUCHI (SC,AITC,0,12th Pass,2540000,~ 25 Lacs+,0,~
9,Deba Prasad Roy,ALIPURDUA,INC,1,Graduate,1255667,~ 12 Lacs+,3001464,~ 30 Lacs+
10,Rafiqur Rahaman,AMDANGA,AITC,2,Graduate,3739443,~ 37 Lacs+,0,~
11,Asit Mitra,AMTA,INC,1,Graduate,389725,~ 3 Lacs+,17102,~ 17 Thou+
12,Krishna Chandra Santra,ARAMBAG (SC),AITC,0,Graduate,821500,~ 8 Lacs+,0,~
13,Tapas Banerjee,ASANSOL DAKSHIN,AITC,5,Graduate Professional,1921032,~ 19 Lacs+,0,~
14,Moloy Ghatak,ASANSOL UTTAR,AITC,6,Graduate Professional,6164295,~ 61 Lacs+,1478314,~ 14 Lacs+
15,Dhiman Roy,ASHOKNAGAR,AITC,1,Graduate,1588945,~ 15 Lacs+,0,~
16,Sri Basudev Mete,AUSGRAM (SC),CPM,0,10th Pass,170979,~ 1 Lacs+,9000,~ 9 Thou+
17,Abdul Gaffar Quazi,BADURIA,INC,1,10th Pass,8562105,~ 85 Lacs+,0,~
18,Upendra Nath Biswas,BAGDA,AITC,0,Doctorate,5418371,~ 54 Lacs+,100000,~ 1 Lacs+
19,Nepal Mahato,BAGHMUNDI,INC,22,Graduate,1837675,~ 18 Lacs+,822334,~ 8 Lacs+
20,Arunava Sen (raja),BAGNAN,AITC,5,12th Pass,1504753,~ 15 Lacs+,0,~
21,Manoj Chakraborty,BAHARAMPUR,INC,4,Graduate,1367028,~ 13 Lacs+,68506,~ 68 Thou+
22,Isha Khan Choudhury,BAISHNABNAGAR,INC,0,Graduate,883882,~ 8 Lacs+,0,~
23,Asim Kumar Majhi,BALAGARH (SC),AITC,0,Graduate,530057,~ 5 Lacs+,110000,~ 1 Lacs+
24,Shantiram Mahato,BALARAMPUR,AITC,11,10th Pass,2123224,~ 21 Lacs+,12341,~ 12 Thou+
25,Sultan Singh,BALLY,AITC,0,Post Graduate,26392300,~ 2 Crore+,3200000,~ 32 Lacs+
26,Subrata Mukherjee,BALLYGUNGE,AITC,2,Post Graduate,5543848,~ 55 Lacs+,0,~
27,Shankar Chakraborty,BALURGHAT,AITC,0,Post Graduate,7808975,~ 78 Lacs+,0,~
28,Susanta Besra,BANDWAN (ST),CPM,0,Post Graduate,1078748,~ 10 Lacs+,0,~
29,Surajit Kumar Biswas,BANGAON DAKSHIN,AITC,0,Graduate,9292488,~ 92 Lacs+,280000,~ 2 Lacs+
30,Biswajit Das,BANGAON UTTAR,AITC,4,8th Pass,807369,~ 8 Lacs+,13147,~ 13 Thou+
31,Kashinath Mishra,BANKURA,AITC,0,Post Graduate,3745710,~ 37 Lacs+,0,~
32,Tapas Roy,BARANAGAR,AITC,0,Graduate Professional,10307660,~ 1 Crore+,2709002,~ 27 Lacs+
33,Chiranjeet Chakrabarti,BARASAT,AITC,0,12th Pass,19429326,~ 1 Crore+,1005852,~ 10 Lacs+
34,Bidhan Upadhyay,BARBANI,AITC,1,12th Pass,4218606,~ 42 Lacs+,1609566,~ 16 Lacs+
35,Rabiranjan Chattopadhyay,BARDHAMAN DAKSHIN,AITC,0,Doctorate,4309394,~ 43 Lacs+,398070,~ 3 Lacs+
36,Aparna Saha,BARDHAMAN UTTAR (SC),CPM,0,10th Pass,1944528,~ 19 Lacs+,0,~
37,Asutosh Mukherjee,BARJORA,AITC,0,Graduate,1106862,~ 11 Lacs+,0,~
38,Silbhadra Datta,BARRACKPUR,AITC,1,Post Graduate,1521928,~ 15 Lacs+,0,~
39,Biman Banerjee,BARUIPUR PASCHIM,AITC,0,Post Graduate,10071620,~ 1 Crore+,0,~
40,Nirmal Chandra Mandal,BARUIPUR PURBA (SC),AITC,0,Graduate,1989054,~ 19 Lacs+,0,~
41,Subhas Naskar,BASANTI (SC),P,0,Graduate,1804001,~ 18 Lacs+,0,~
42,Narayan Mukherjee,BASIRHAT DAKSHIN,CPM,0,Post Graduate,1522573,~ 15 Lacs+,40000,~ 40 Thou+
43,Mostafa Bin Quasem,BASIRHAT UTTAR,CPM,0,Post Graduate,4016707,~ 40 Lacs+,0,~
44,Partha Chatterjee,BEHALA PASCHIM,AITC,0,Post Graduate,6907821,~ 69 Lacs+,270000,~ 2 Lacs+
45,Sovan Chatterjee,BEHALA PURBA,AITC,0,Graduate Professional,47928110,~ 4 Crore+,900871,~ 9 Lacs+
46,Seikh Safiujjaman,BELDANGA,INC,1,12th Pass,3717000,~ 37 Lacs+,0,~
47,Paresh Paul,BELEGHATA,AITC,2,Graduate,3870413,~ 38 Lacs+,0,~
48,Subrata Bakshi,BHABANIPUR,AITC,0,Graduate Professional,6921371,~ 69 Lacs+,33363,~ 33 Thou+
49,Ardhendu Maity,BHAGABANPUR,AITC,0,Graduate Professional,1907897,~ 19 Lacs+,0,~
50,Badal Jamadar,BHANGORE,CPM,1,Post Graduate,988749,~ 9 Lacs+,0,~
51,Saikh Id Mohammad,BHARATPUR,P,0,Graduate,1745038,~ 17 Lacs+,27460,~ 27 Thou+
52,Banamali Hazra,BHATAR,AITC,2,Graduate,2195526,~ 21 Lacs+,123425,~ 1 Lacs+
53,Arjun Singh,BHATPARA,AITC,14,12th Pass,3647795,~ 36 Lacs+,1733059,~ 17 Lacs+
54,Sujit Bose,BIDHAN NAGAR,AITC,1,12th Pass,6055857,~ 60 Lacs+,713000,~ 7 Lacs+
55,Subhranshu Roy,BIJPUR,AITC,1,Post Graduate,2286103,~ 22 Lacs+,100500,~ 1 Lacs+
56,Dibakar Hansda,BINPUR (ST),CPM,0,12th Pass,209934,~ 2 Lacs+,4000,~ 4 Thou+
57,Shyama Prasad Mukherjee,BISHNUPUR,AITC,1,Graduate Professional,4305066,~ 43 Lacs+,0,~
58,Dilip Mondal,BISHNUPUR (SC),AITC,2,12th Pass,8754000,~ 87 Lacs+,1708524,~ 17 Lacs+
59,Chandra Nath Sinha,BOLPUR,AITC,0,Post Graduate,7553842,~ 75 Lacs+,537000,~ 5 Lacs+
60,Ashok Kumar Deb,BUDGE BUDGE,AITC,1,Graduate Professional,182284,~ 1 Lacs+,0,~
61,Protima Rajak,BURWAN (SC),INC,0,Graduate,263339,~ 2 Lacs+,1038,~ 1 Thou+
62,Shyamal Mondal,CANNING PASCHIM (SC),AITC,0,Graduate Professional,1442019,~ 14 Lacs+,0,~
63,Abdur Razzak Molla,CANNING PURBA,CPM,0,Graduate,6027373,~ 60 Lacs+,0,~
64,Naresh Chandra Chaki,CHAKDAH,AITC,1,Post Graduate,2686512,~ 26 Lacs+,0,~
65,Ali Imran Ramz,CHAKULIA,AIFB,3,Graduate Professional,3503620,~ 35 Lacs+,264000,~ 2 Lacs+
66,Muzaffar Khan,CHAMPDANI,AITC,0,Post Graduate,14162828,~ 1 Crore+,1809300,~ 18 Lacs+
67,Asif Mehbub,CHANCHAL,INC,0,Post Graduate,4156153,~ 41 Lacs+,0,~
68,Ashok Kumar Shaw,CHANDANNAGORE,AITC,0,Graduate Professional,1709882,~ 17 Lacs+,0,~
69,Amiya Kanti Bhattacharjee,CHANDIPUR,AITC,2,12th Pass,1199103,~ 11 Lacs+,0,~
70,Swati Khandkar,CHANDITALA,AITC,0,12th Pass,1948389,~ 19 Lacs+,0,~
71,Chhaya Dolai,CHANDRAKONA (SC),CPM,2,10th Pass,296855,~ 2 Lacs+,0,~
72,Rukbanur Rahman,CHAPRA,AITC,0,Post Graduate,116887,~ 1 Lacs+,0,~
73,Subhasis Batabyal,CHHATNA,AITC,0,Post Graduate,2210130,~ 22 Lacs+,267000,~ 2 Lacs+
74,Sikha Chowdhury,CHOWRANGEE,AITC,0,Graduate,21635563,~ 2 Crore+,1287500,~ 12 Lacs+
75,Asit Mazumder,CHUNCHURA,AITC,1,Graduate Professional,5831426,~ 58 Lacs+,0,~
76,Goutam Deb,DABGRAM-PHULBARI,AITC,0,Graduate Professional,8544343,~ 85 Lacs+,702000,~ 7 Lacs+
77,Arun Mahapatra,DANTAN,CPI,0,8th Pass,2364938,~ 23 Lacs+,189871,~ 1 Lacs+
78,Ajit Bhunia,DASPUR,AITC,1,12th Pass,339625,~ 3 Lacs+,35000,~ 35 Thou+
79,Radhakanta Maiti,DEBRA,AITC,6,12th Pass,2137010,~ 21 Lacs+,0,~
80,M Nuruzzaman,DEGANGA,AITC,0,Post Graduate,3552500,~ 35 Lacs+,970000,~ 9 Lacs+
81,Asima Patra,DHANEKHALI (SC),AITC,3,Graduate,57000,~ 57 Thou+,0,~
82,Mamata Roy,DHUPGURI (SC),CPM,0,10th Pass,936156,~ 9 Lacs+,0,~
83,Dipak Kumar Halder,DIAMOND HARBOUR,AITC,3,Graduate,1857050,~ 18 Lacs+,0,~
84,Rajib Banerjee,DOMJUR,AITC,0,Post Graduate,5518526,~ 55 Lacs+,0,~
85,Anisur Rahaman Sarkar,DOMKAL,CPM,0,Post Graduate,8239726,~ 82 Lacs+,0,~
86,Bijoy Bagdi,DUBRAJPUR (SC),AIFB,0,12th Pass,1597475,~ 15 Lacs+,0,~
87,Bratyabrata Basu,DUM DUM,AITC,0,Post Graduate,7309801,~ 73 Lacs+,473916,~ 4 Lacs+
88,Chandrima Bhattacharya,DUM DUM UTTAR,AITC,1,Graduate Professional,986250,~ 9 Lacs+,527000,~ 5 Lacs+
89,Apurba Mukherjee,DURGAPUR PASCHIM,AITC,0,Graduate,34137964,~ 3 Crore+,0,~
90,Dr. Nikhil Kr. Banerjee,DURGAPUR PURBA,AITC,0,Graduate Professional,24678276,~ 2 Crore+,0,~
91,Samares Das,EGRA,AITC,0,Post Graduate,13980722,~ 1 Crore+,0,~
92,Krishnendu Narayan Choudhury,ENGLISH BAZAR,INC,6,Graduate Professional,1604162,~ 16 Lacs+,14248,~ 14 Thou+
93,Swarna Kamal Saha,ENTALLY,AITC,0,Graduate Professional,25583084,~ 2 Crore+,288000,~ 2 Lacs+
94,Anil Adhikari,FALAKATA (SC),AITC,0,10th Pass,1365505,~ 13 Lacs+,0,~
95,Tamonash Ghosh,FALTA,AITC,0,Graduate Professional,6773745,~ 67 Lacs+,29901,~ 29 Thou+
96,Mainul Haque,FARAKKA,INC,2,10th Pass,7391042,~ 73 Lacs+,300000,~ 3 Lacs+
97,Manjul Krishna Thakur,GAIGHATA,AITC,0,Graduate,2811294,~ 28 Lacs+,0,~
98,Sunil Kr. Mondal,GALSI (SC),AIFB,0,Graduate Professional,6467280,~ 64 Lacs+,850000,~ 8 Lacs+
99,Satyendra Nath Roy,GANGARAMPUR (SC),AITC,0,10th Pass,920060,~ 9 Lacs+,0,~
100,Susanta Ghosh,GARBETA,CPM,0,12th Pass,1642653,~ 16 Lacs+,0,~
101,Sushil Chandra Ray,GAZOLE (SC),INC,0,12th Pass,1159346,~ 11 Lacs+,0,~
102,Shankar Dolai,GHATAL (SC),AITC,2,Graduate,2143500,~ 21 Lacs+,80000,~ 80 Thou+
103,Md. Ghulam Rabbani,GOALPOKHAR,INC,0,Post Graduate,1575500,~ 15 Lacs+,250000,~ 2 Lacs+
104,Biswanath Karak,GOGHAT (SC),AIFB,7,12th Pass,981000,~ 9 Lacs+,0,~
105,Chudamani Mahato,GOPIBALLAVPUR,AITC,0,8th Pass,414920,~ 4 Lacs+,0,~
106,Jayanta Naskar,GOSABA (SC),AITC,1,8th Pass,3727303,~ 37 Lacs+,519390,~ 5 Lacs+
107,Khagen Murmu,HABIBPUR (ST),CPM,0,Graduate,4985423,~ 49 Lacs+,48910,~ 48 Thou+
108,Jyoti Priya Mallick,HABRA,AITC,0,Graduate Professional,8026444,~ 80 Lacs+,306363,~ 3 Lacs+
109,Seuli Saha,HALDIA (SC),AITC,0,Graduate Professional,7418849,~ 74 Lacs+,550000,~ 5 Lacs+
110,Asit Kumar Mal,HANSAN,INC,0,12th Pass,224419,~ 2 Lacs+,0,~
111,Insar Ali Biswas,HARIHARPARA,CPM,0,Post Graduate,1734183,~ 17 Lacs+,0,~
112,Nilima Nag (mallick),HARINGHATA (SC),AITC,0,10th Pass,3100000,~ 31 Lacs+,0,~
113,Becharam Manna,HARIPAL,AITC,22,10th Pass,1589895,~ 15 Lacs+,0,~
114,Biplab Mitra,HARIRAMPUR,AITC,0,Graduate Professional,2550310,~ 25 Lacs+,2001854,~ 20 Lacs+
115,Tajmul Hossain,HARISCHANDRA-PUR,AIFB,0,12th Pass,3436784,~ 34 Lacs+,0,~
116,Julfikar @ Julficar Molla,HAROA,AITC,0,8th Pass,6574315,~ 65 Lacs+,889994,~ 8 Lacs+
117,Khagendra Nath Sinha,HEMTABAD (SC),CPM,0,12th Pass,1182329,~ 11 Lacs+,0,~
118,Anandamay Mandal,HINGALGANJ (SC),CPI,0,12th Pass,318000,~ 3 Lacs+,0,~
119,Braja Mohan Majumder,HOWRAH DAKSHIN,AITC,66,Post Graduate,2310216,~ 23 Lacs+,0,~
120,Arup Roy,HOWRAH MADHYA,AITC,0,Graduate Professional,11718686,~ 1 Crore+,0,~
121,Asok Ghosh,HOWRAH UTTAR,AITC,0,12th Pass,2825625,~ 28 Lacs+,0,~
122,Gurupada Mete,INDUS (SC),AITC,0,8th Pass,836620,~ 8 Lacs+,22000,~ 22 Thou+
123,Abdul Karim Chowdhary,ISLAMPUR,AITC,0,Graduate,12110000,~ 1 Crore+,617540,~ 6 Lacs+
124,Amal Acharjee,ITAHAR,AITC,0,12th Pass,4457859,~ 44 Lacs+,486533,~ 4 Lacs+
125,Manish Gupta,JADAVPUR,AITC,0,Graduate,39473048,~ 3 Crore+,110000,~ 1 Lacs+
126,Abul Kasem Molla,JAGATBALLAVPUR,AITC,0,Graduate Professional,8950242,~ 89 Lacs+,570000,~ 5 Lacs+
127,Parash Dutta,JAGATDAL,AITC,0,Graduate,2524391,~ 25 Lacs+,30000,~ 30 Thou+
128,Abdur Razzak Mondal,JALANGI,CPM,0,Post Graduate,5090816,~ 50 Lacs+,0,~
129,Ujjal Pramanick,JAMALPUR (SC),AITC,0,Graduate,1949301,~ 19 Lacs+,0,~
130,Jahanara Khan,JAMURIA,CPM,0,Graduate,271855,~ 2 Lacs+,0,~
131,Snehasis Chakraborty,JANGIPARA,AITC,2,Post Graduate,3040478,~ 30 Lacs+,978248,~ 9 Lacs+
132,Md. Sohrab,JANGIPUR,INC,0,Post Graduate,1961408,~ 19 Lacs+,0,~
133,Tarun Kanti Naskar,JAYNAGAR (SC),SUCI(C),0,Doctorate,1113648,~ 11 Lacs+,0,~
134,Sukumar Hansda,JHARGRAM,AITC,0,Graduate Professional,12205017,~ 1 Crore+,263000,~ 2 Lacs+
135,Smita Bakshi,JORASANKO,AITC,1,Graduate,11989316,~ 1 Crore+,1201070,~ 12 Lacs+
136,Dhirendra Nath Mahato,JOYPUR,AIFB,0,10th Pass,934509,~ 9 Lacs+,0,~
137,Manturam Pakhira,KAKDWIP,AITC,0,10th Pass,135513,~ 1 Lacs+,0,~
138,Wilson Champramary,KALCHINI (ST),IND,6,8th Pass,1382000,~ 13 Lacs+,230000,~ 2 Lacs+
139,Pramatha Nath Roy,KALIAGANJ (SC),INC,0,Post Graduate,2082813,~ 20 Lacs+,0,~
140,Nasiruddin Ahamed,KALIGANJ,AITC,0,Post Graduate,6550602,~ 65 Lacs+,473500,~ 4 Lacs+
141,Dr. Harka Bahadur  Chettri,KALIMPONG,GJM,8,Doctorate,3347000,~ 33 Lacs+,492890,~ 4 Lacs+
142,Biswajit Kundu,KALNA (SC),AITC,0,10th Pass,940401,~ 9 Lacs+,207240,~ 2 Lacs+
143,Dr. Ramendra Nath Biswas,KALYANI (SC),AITC,0,Doctorate,5894561,~ 58 Lacs+,250000,~ 2 Lacs+
144,Apurba Sarkar,KANDI,INC,2,12th Pass,13956850,~ 1 Crore+,600000,~ 6 Lacs+
145,Dibyendu Adhikari,KANTHI DAKSHIN,AITC,8,Graduate,4612500,~ 46 Lacs+,748900,~ 7 Lacs+
146,Banasri Maity,KANTHI UTTAR,AITC,0,Graduate,2570194,~ 25 Lacs+,84750,~ 84 Thou+
147,Gokul Behari Roy,KARANDIGHI,AIFB,0,Graduate,3041353,~ 30 Lacs+,0,~
148,Samarendranath Ghosh,KARIMPUR,CPM,0,Post Graduate,1360635,~ 13 Lacs+,310849,~ 3 Lacs+
149,Javed Ahmed Khan,KASBA,AITC,2,Graduate,21682397,~ 2 Crore+,0,~
150,Swapan Kumar Belthoriya,KASHIPUR,AITC,1,8th Pass,4499999,~ 44 Lacs+,1400000,~ 14 Lacs+
151,Mala Saha,KASHIPUR-BELGACHIA,AITC,0,Post Graduate,3316789,~ 33 Lacs+,470000,~ 4 Lacs+
152,Soumitra Khan,KATULPUR (SC),INC,1,12th Pass,132000,~ 1 Lacs+,0,~
153,Rabindranath Chatterjee,KATWA,INC,0,Graduate,7119338,~ 71 Lacs+,535291,~ 5 Lacs+
154,Biram Mandi,KESHIARY (ST),CPM,0,10th Pass,186014,~ 1 Lacs+,0,~
155,Rameswar Doloi,KESHPUR (SC),CPM,1,12th Pass,1041960,~ 10 Lacs+,0,~
156,Sekh Sahonawez,KETUGRAM,AITC,13,12th Pass,998675,~ 9 Lacs+,0,~
157,Iqbal Ahmed,KHANAKUL,AITC,2,10th Pass,70961613,~ 7 Crore+,4165330,~ 41 Lacs+
158,Nabin Chandra Bag,KHANDAGHOSH (SC),CPM,0,Graduate,54015,~ 54 Thou+,0,~
159,Nazmul Haque,KHARAGPUR,CPM,0,Graduate,1284128,~ 12 Lacs+,0,~
160,Gyan Singh Sohanpa,KHARAGPUR SADAR,INC,0,10th Pass,738859,~ 7 Lacs+,0,~
161,Amit Kumar Mitra,KHARDAHA,AITC,0,Doctorate,70876316,~ 7 Crore+,0,~
162,Ashis Marjit,KHARGRAM (SC),INC,0,12th Pass,310095,~ 3 Lacs+,0,~
163,Ranajit Mondal,KHEJURI (SC),AITC,0,Graduate,407313,~ 4 Lacs+,0,~
164,Firhad Hakim,KOKATA PORT,AITC,1,Graduate,37780088,~ 3 Crore+,5399000,~ 53 Lacs+
165,Sushil Biswas,KRISHNAGANJ (SC),AITC,9,12th Pass,1745000,~ 17 Lacs+,20000,~ 20 Thou+
166,Ujjwal Biswas,KRISHNANAGAR DAKSHIN,AITC,0,Graduate,6583343,~ 65 Lacs+,705606,~ 7 Lacs+
167,Abani Mohan Joardar,KRISHNANAGAR UTTAR,AITC,0,Graduate,5560367,~ 55 Lacs+,0,~
168,Jogoranjan Halder,KULPI,AITC,0,Graduate Professional,925481,~ 9 Lacs+,0,~
169,Ramsankar Halder,KULTALI (SC),CPM,0,10th Pass,446034,~ 4 Lacs+,0,~
170,Ujjal Chatterjee,KULTI,AITC,0,Graduate,748000,~ 7 Lacs+,0,~
171,Dasrath Tirkey,KUMARGRAM (ST),P,0,Graduate,1066293,~ 10 Lacs+,0,~
172,Rohit Sharma,KUEONG,GJM,0,Doctorate,3820025,~ 38 Lacs+,426787,~ 4 Lacs+
173,Narmada Chandra Roy,KUSHMUNDI (SC),P,0,Graduate,4142515,~ 41 Lacs+,134773,~ 1 Lacs+
174,Monirul Islam,LABPUR,AITC,8,12th Pass,1992652,~ 19 Lacs+,0,~
175,Abu Hena,LALGOLA,INC,0,Post Graduate,6058633,~ 60 Lacs+,0,~
176,Kumari Kujur,MADARIHAT (ST),P,0,10th Pass,737223,~ 7 Lacs+,143000,~ 1 Lacs+
177,Sri Rathin Ghosh,MADHYAMGRAM,AITC,1,Graduate,370468,~ 3 Lacs+,0,~
178,Giasuddin Molla,MAGRAHAT PASCHIM,AITC,3,12th Pass,3163805,~ 31 Lacs+,40000,~ 40 Thou+
179,Namita Saha,MAGRAHAT PURBA (SC),AITC,0,Graduate Professional,206589,~ 2 Lacs+,0,~
180,Kasturi Das,MAHESHTALA,AITC,0,8th Pass,71855504,~ 7 Crore+,5031231,~ 50 Lacs+
181,Dr. Sudaan Ghosh Dastidar,MAHISADAL,AITC,0,Post Graduate,14710503,~ 1 Crore+,247575,~ 2 Lacs+
182,Abdur Rahim Boxi,MALATIPUR,P,2,12th Pass,10117752,~ 1 Crore+,837942,~ 8 Lacs+
183,Bhupendra Nath Halder(arjun),MALDAHA (SC),INC,2,Graduate,605534,~ 6 Lacs+,0,~
184,Sandhyarani Tudu,MANBAZAR (ST),AITC,0,10th Pass,3272588,~ 32 Lacs+,864538,~ 8 Lacs+
185,Jaydeb Haldar,MANDIRBAZAR (SC),AITC,2,8th Pass,689113,~ 6 Lacs+,0,~
186,Sahajahan Choudhury,MANGALKOT,CPM,0,Post Graduate,667044,~ 6 Lacs+,0,~
187,Sabitri Mitra,MANICKCHAK,AITC,0,10th Pass,1220213,~ 12 Lacs+,6391,~ 6 Thou+
188,Sadhan Pande,MANIKTALA,AITC,0,Graduate Professional,23398856,~ 2 Crore+,0,~
189,Sankar Malakar,MATIGARA-NAXALBARI (SC),INC,0,8th Pass,18677327,~ 1 Crore+,0,~
190,Ananta Deb Adhikari,MAYNAGURI (SC),P,0,Graduate,3952381,~ 39 Lacs+,50000,~ 50 Thou+
191,Asok Kumar Ray,MAYURESWAR,CPM,0,Graduate Professional,996565,~ 9 Lacs+,0,~
192,Mrigendra Nath Maiti,MEDINIPUR,AITC,0,Post Graduate,5992495,~ 59 Lacs+,0,~
193,Paresh Ch. Adhikary,MEKLIGANJ (SC),AIFB,0,12th Pass,7846736,~ 78 Lacs+,0,~
194,Abul Hasem Mondal,MEMARI,AITC,0,Doctorate,5975219,~ 59 Lacs+,0,~
195,Mamtaj Begam,METIABRUZ,AITC,3,8th Pass,357733,~ 3 Lacs+,0,~
196,Usha Rani Mondal,MINAKHAN (SC),AITC,0,8th Pass,1885448,~ 18 Lacs+,0,~
197,Chowdhury Md Hedayatullah,MONTESWAR,CPM,0,Graduate,4498455,~ 44 Lacs+,800000,~ 8 Lacs+
198,Sabina Yeasmin,MOTHABARI,INC,0,Post Graduate,3041687,~ 30 Lacs+,0,~
199,Bhushan Chandra Dolai,MOYNA,AITC,0,Post Graduate,1777153,~ 17 Lacs+,0,~
200,Nure Alam Chowdhury,MURARAI,AITC,0,Graduate,92350000,~ 9 Crore+,0,~
201,Shaoni Singha Roy,MUHIDABAD,INC,1,Graduate,781770,~ 7 Lacs+,0,~
202,Pundarikakshya Saha,NABADWIP,AITC,0,Graduate,56905,~ 56 Thou+,0,~
203,Kanai Chandra Mondal,NABAGRAM (SC),CPM,3,Graduate,1099869,~ 10 Lacs+,0,~
204,Joseph Munda,NAGRAKATA (ST),INC,0,10th Pass,666758,~ 6 Lacs+,116824,~ 1 Lacs+
205,Partha Bhowmick,NAIHATI,AITC,3,Post Graduate,6400723,~ 64 Lacs+,164534,~ 1 Lacs+
206,Kallol Khan,NAKASHIPARA,AITC,1,12th Pass,400800,~ 4 Lacs+,0,~
207,Abhijit Mukherjee,NALHATI,INC,0,Graduate Professional,49337491,~ 4 Crore+,5790000,~ 57 Lacs+
208,Sukumar De,NANDAKUMAR,AITC,0,Graduate,1423654,~ 14 Lacs+,316000,~ 3 Lacs+
209,Phiroja Bibi,NANDIGRAM,AITC,0,8th Pass,725065,~ 7 Lacs+,0,~
210,Gadadhar Hazra,NANOOR (SC),AITC,2,10th Pass,513824,~ 5 Lacs+,20000,~ 20 Thou+
211,Abu Taher Khan,NAODA,INC,3,12th Pass,4848800,~ 48 Lacs+,0,~
212,Dr. Surjya Kanta Mishra,NARAYANGARH,CPM,0,Graduate Professional,1833873,~ 18 Lacs+,0,~
213,Rabindra Nath Ghosh,NATABARI,AITC,1,Graduate,11807005,~ 1 Crore+,393000,~ 3 Lacs+
214,Dulal Murmu,NAYAGRAM (ST),AITC,0,Post Graduate,104079,~ 1 Lacs+,2000,~ 2 Thou+
215,Manju Basu,NOAPARA,AITC,0,Graduate Professional,1898000,~ 18 Lacs+,0,~
216,Arup Kumar Khan,ONDA,AITC,0,Graduate,1891236,~ 18 Lacs+,591225,~ 5 Lacs+
217,S.m.sadi,PALASHIPARA,CPM,0,12th Pass,702827,~ 7 Lacs+,170930,~ 1 Lacs+
218,Gulsan Mullick,PANCHLA,AITC,3,12th Pass,25526144,~ 2 Crore+,1298192,~ 12 Lacs+
219,Gouranga Chatterjee,PANDABESWAR,CPM,0,Post Graduate,36677,~ 36 Thou+,0,~
220,Sk. Amjad Hossain,PANDUA,CPM,1,Graduate,1407200,~ 14 Lacs+,0,~
221,Nirmal Ghosh,PANIHATI,AITC,0,Graduate,3167890,~ 31 Lacs+,0,~
222,Sk. Dr. Omar Ali,PANSKURA PASCHIM,AITC,0,12th Pass,2746861,~ 27 Lacs+,0,~
223,Biplab Roy Choudhury,PANSKURA PURBA,AITC,3,12th Pass,1320313,~ 13 Lacs+,0,~
224,Umapada Baur,PARA (SC),INC,0,Graduate,533602,~ 5 Lacs+,0,~
225,Jyotirmoy Kar,PATASHPUR,AITC,0,Post Graduate,3967467,~ 39 Lacs+,0,~
226,Samir Kumar Jana,PATHARPRATIMA,AITC,4,Post Graduate,1494850,~ 14 Lacs+,0,~
227,Sunil Chandra Tirkey,PHANSIDEWA (ST),INC,0,Graduate,5385008,~ 53 Lacs+,0,~
228,Prabodh Chandra Sinha,PINGLA,DSP(PC),0,Post Graduate,10202437,~ 1 Crore+,0,~
229,Swapan Debnath,PURBASTHALI DAKSHIN,AITC,0,Post Graduate,2352087,~ 23 Lacs+,19838,~ 19 Thou+
230,Tapan Chatterjee,PURBASTHALI UTTAR,AITC,5,12th Pass,2687733,~ 26 Lacs+,59369,~ 59 Thou+
231,Sk Parvez Rahman,PUURAH,AITC,7,12th Pass,2714019,~ 27 Lacs+,0,~
232,Kamakshya Prasad Singh Deo,PURULIA,AITC,0,12th Pass,6300906,~ 63 Lacs+,0,~
233,Akhruzzaman,RAGHUNATHGANJ,INC,1,Graduate Professional,2845408,~ 28 Lacs+,0,~
234,Purna Chandra Bauri,RAGHUNATHPUR (SC),AITC,0,5th Pass,1889271,~ 18 Lacs+,495400,~ 4 Lacs+
235,Debasree Roy,RAIDIGHI,AITC,0,12th Pass,6781971,~ 67 Lacs+,1355804,~ 13 Lacs+
236,Mohit Sengupta,RAIGANJ,INC,2,Graduate,5586203,~ 55 Lacs+,267632,~ 2 Lacs+
237,Basudeb Khan,RAINA (SC),CPM,0,Othe,292127,~ 2 Lacs+,0,~
238,Upen Kisku,RAIPUR (ST),CPM,0,Graduate,2356444,~ 23 Lacs+,300000,~ 3 Lacs+
239,Purnendu Basu,RAJARHAT GOPALPUR,AITC,0,Graduate,923528,~ 9 Lacs+,0,~
240,Sri Sabyasachi Dutta,RAJARHAT NEW TOWN,AITC,0,Graduate Professional,4355410,~ 43 Lacs+,0,~
241,Khageswar Roy,RAJGANJ,AITC,0,12th Pass,1181524,~ 11 Lacs+,175000,~ 1 Lacs+
242,Akhil Giri,RAMNAGAR,AITC,12,12th Pass,1137000,~ 11 Lacs+,850000,~ 8 Lacs+
243,Asish Banerjee,RAMPURHAT,AITC,0,Doctorate,3575914,~ 35 Lacs+,0,~
244,Abir Ranjan Biswas,RANAGHAT DAKSHIN (SC),AITC,0,Post Graduate,2763417,~ 27 Lacs+,0,~
245,Parthasarathi Chatterjee,RANAGHAT UTTAR PASCHIM,AITC,0,Graduate Professional,4307474,~ 43 Lacs+,348000,~ 3 Lacs+
246,Samir Kumar Poddar,RANAGHAT UTTAR PURBA (SC),AITC,0,Graduate,13789060,~ 1 Crore+,7381678,~ 73 Lacs+
247,Deblina Hembram,RANIBUNDH (ST),CPM,0,10th Pass,1716452,~ 17 Lacs+,303884,~ 3 Lacs+
248,Md. Sohrab Ali,RANIGANJ,AITC,6,10th Pass,30563899,~ 3 Crore+,5547500,~ 55 Lacs+
249,Firoza Begam,RANINAGAR,INC,0,Post Graduate,4359808,~ 43 Lacs+,729961,~ 7 Lacs+
250,Sobhandeb Chattopadhyay,RASHBEHARI,AITC,0,Graduate Professional,8518264,~ 85 Lacs+,0,~
251,Samar Mukherjee,RATUA,INC,0,12th Pass,1390555,~ 13 Lacs+,0,~
252,Humayun Kabir,REJINAGAR,INC,6,8th Pass,10465865,~ 1 Crore+,3400000,~ 34 Lacs+
253,Manas Ranjan Bhunia,SABANG,INC,0,Graduate Professional,19842961,~ 1 Crore+,0,~
254,Bankim Chandra Hazra,SAGAR,AITC,0,Post Graduate,2276285,~ 22 Lacs+,0,~
255,Subrata Saha,SAGARDIGHI,AITC,0,Graduate Professional,6032600,~ 60 Lacs+,1407230,~ 14 Lacs+
256,Dhiren Bagdi,SAINTHIA (SC),CPM,1,8th Pass,1070928,~ 10 Lacs+,187317,~ 1 Lacs+
257,Srikanta Mahata,SALBONI,AITC,2,Graduate,704372,~ 7 Lacs+,46537,~ 46 Thou+
258,Sri Swapan Bauri,SALTORA (SC),AITC,0,10th Pass,473060,~ 4 Lacs+,0,~
259,Touab Ali,SAMSERGANJ,CPM,0,12th Pass,3317450,~ 33 Lacs+,121388,~ 1 Lacs+
260,Nirapada Sardar,SANDESHKHALI (ST),CPM,0,Graduate Professional,771505,~ 7 Lacs+,7000,~ 7 Thou+
261,Sital Kumar Sardar,SANKRAIL (SC),AITC,1,12th Pass,3143541,~ 31 Lacs+,0,~
262,Ajoy Dey,SANTIPUR,INC,0,Graduate,1989139,~ 19 Lacs+,43613,~ 43 Thou+
263,Tapan Dasgupta,SAPTAGRAM,AITC,0,Graduate,1556431,~ 15 Lacs+,0,~
264,Sonali Guha (bose),SATGACHIA,AITC,2,Graduate,2824199,~ 28 Lacs+,0,~
265,Jatu Lahiri,SHIBPUR,AITC,2,10th Pass,5909784,~ 59 Lacs+,0,~
266,Shashi Panja,SHYAMPUKUR,AITC,0,Graduate Professional,37359910,~ 3 Crore+,0,~
267,Kalipada Mandal,SHYAMPUR,AITC,0,Graduate Professional,2481041,~ 24 Lacs+,0,~
268,Rudra Nath Bhattacharya,SILIGURI,AITC,0,Post Graduate,11711416,~ 1 Crore+,288719,~ 2 Lacs+
269,Rabindranath Bhattacharya,SINGUR,AITC,2,Post Graduate,1600307,~ 16 Lacs+,0,~
270,Dipali Saha,SONAMUKHI (SC),AITC,2,10th Pass,2713195,~ 27 Lacs+,520813,~ 5 Lacs+
271,Firdousi Begum,SONARPUR UTTAR,AITC,0,12th Pass,7118800,~ 71 Lacs+,59895,~ 59 Thou+
272,Sudipta Roy,SREERAMPUR,AITC,0,Post Graduate,31251423,~ 3 Crore+,0,~
273,Abu Nasar Khan Choudhury,SUJAPUR,INC,1,Doctorate,2977708,~ 29 Lacs+,0,~
274,Swapan Kanti Ghosh,SURI,AITC,1,12th Pass,120143670,~ 12 Crore+,11860714,~ 1 Crore+
275,Emani Biswas,SUTI,INC,0,12th Pass,41185393,~ 4 Crore+,4489378,~ 44 Lacs+
276,Bina Mondal,SWARUPNAGAR,AITC,0,Graduate,1386810,~ 13 Lacs+,0,~
277,Manoranjan Patra,TALDANGRA,CPM,1,12th Pass,2431536,~ 24 Lacs+,0,~
278,Sauman Kumar Mahapatra,TAMLUK,AITC,0,Doctorate,17647277,~ 1 Crore+,0,~
279,Bachchu Hansda,TAPAN (ST),AITC,0,Post Graduate,854513,~ 8 Lacs+,848513,~ 8 Lacs+
280,Rachhpal Singh,TARAKESWAR,AITC,0,Graduate Professional,5970674,~ 59 Lacs+,2000000,~ 20 Lacs+
281,Ranjit Kumar Mandal,TEHATTA,CPM,0,Post Graduate,1468665,~ 14 Lacs+,50000,~ 50 Thou+
282,Aroop Biswas,TOLLYGUNJ,AITC,2,Graduate,7532932,~ 75 Lacs+,0,~
283,Arghya Roy Pradhan,TUFANGANJ,AITC,0,Graduate,811122,~ 8 Lacs+,0,~
284,Samir Kumar Panja,UDAYNARAYANPUR,AITC,3,Graduate Professional,3066949,~ 30 Lacs+,688590,~ 6 Lacs+
285,Pulak Roy,ULUBERIA DAKSHIN,AITC,3,Graduate,2011680,~ 20 Lacs+,525292,~ 5 Lacs+
286,Haider Aziz Safwi,ULUBERIA PURBA,AITC,0,Post Graduate,53381084,~ 5 Crore+,136566,~ 1 Lacs+
287,Nirmal Maji,ULUBERIA UTTAR (SC),AITC,0,Graduate Professional,2269652,~ 22 Lacs+,0,~
288,Anup Ghosal,UTTARPARA,AITC,0,Doctorate,14226272,~ 1 Crore+,0,~
1,Minati Misra,BANKURA: BYE - ELECTION ON 12-06-2012,AITC,0,Graduate Professional,3205480,~ 32 Lacs+,0,~
2,A.t.m. Abdulla (rony),BASIRHAT UTTAR: BYE-ELECTION ON 25-09-2011,AITC,0,Graduate,559500,~ 5 Lacs+,0,~
3,Mamata Banerjee,BHABANIPUR: BYE-ELECTION ON 25-09-2011,AITC,0,Post Graduate,1584190,~ 15 Lacs+,0,~
4,Mamata Bhunia,DASPUR: BYE - ELECTION ON 12-06-2012,AITC,0,10th Pass,317600,~ 3 Lacs+,0,~
