1,James Kujur,KUMARGRAM (ST),AITC,0,Graduate,81245571,~ 8 Crore+,0,~
2,Sourav Chakraborty,ALIPURDUA,AITC,1,Doctorate,11425498,~ 1 Crore+,0,~
3,Rafiqur Rahaman,AMDANGA,AITC,2,Graduate,5896796,~ 58 Lacs+,150000,~ 1 Lacs+
4,Asit Mitra,AMTA,INC,1,Graduate,1150379,~ 11 Lacs+,70000,~ 70 Thou+
5,Krishna Chandra Santra,ARAMBAG (SC),AITC,0,Graduate,3973028,~ 39 Lacs+,0,~
6,Tapas Banerjee,ASANSOL DAKSHIN,AITC,7,Graduate Professional,2750270,~ 27 Lacs+,0,~
7,Moloy Ghatak,ASANSOL UTTAR,AITC,6,Graduate Professional,8809535,~ 88 Lacs+,2294431,~ 22 Lacs+
8,Dhiman Roy,ASHOKNAGAR,AITC,1,Graduate,5020236,~ 50 Lacs+,0,~
9,Abhedananda Thander,AUSGRAM (SC),AITC,0,10th Pass,3207344,~ 32 Lacs+,0,~
10,Quazi Abdur Rahim,BADURIA,INC,1,Post Graduate,1015644,~ 10 Lacs+,0,~
11,Dulal Chandra Bar,BAGDA (SC),INC,4,Graduate,3926978,~ 39 Lacs+,48544,~ 48 Thou+
12,Nepal Mahato,BAGHMUNDI,INC,21,Post Graduate,2800194,~ 28 Lacs+,833500,~ 8 Lacs+
13,Arunava Sen(raja),BAGNAN,AITC,3,10th Pass,4187018,~ 41 Lacs+,404598,~ 4 Lacs+
14,Manoj Chakraborty,BAHARAMPUR,INC,3,Graduate,4850940,~ 48 Lacs+,90000,~ 90 Thou+
15,Swadhin Kumar Sarkar,BAISHNABNAGAR,BJP,7,Graduate,1175266,~ 11 Lacs+,0,~
16,Ashim Kumar Majhi,BALAGARH (SC),AITC,0,Graduate,1664253,~ 16 Lacs+,0,~
17,Shantiram Mahato,BALARAMPUR,AITC,11,10th Pass,5393711,~ 53 Lacs+,0,~
18,Baishali Dalmiya,BALLY,AITC,0,Graduate,11716204,~ 1 Crore+,4089323,~ 40 Lacs+
19,Subrata Mukherjee,BALLYGUNGE,AITC,2,Post Graduate,9478988,~ 94 Lacs+,0,~
20,Biswanath Choudhury,BALURGHAT,Revolutionary Socialist Party,0,Graduate,13711373,~ 1 Crore+,0,~
21,Rajiblochan Saren,BANDWAN (ST),AITC,0,Graduate Professional,7024969,~ 70 Lacs+,1365877,~ 13 Lacs+
22,Shampa Daripa,BANKURA,INC,0,Graduate,14868951,~ 1 Crore+,109371,~ 1 Lacs+
23,Tapas Roy,BARANAGAR,AITC,0,Graduate Professional,18968700,~ 1 Crore+,6361026,~ 63 Lacs+
24,Chiranjeet Chakrabarti,BARASAT,AITC,0,12th Pass,37966298,~ 3 Crore+,0,~
25,Bidhan Upadhyay,BARBANI,AITC,1,12th Pass,11931211,~ 1 Crore+,2591552,~ 25 Lacs+
26,Rabiranjan Chattopadhyay,BARDHAMAN DAKSHIN,AITC,0,Doctorate,5564979,~ 55 Lacs+,0,~
27,Nisith Kumar Malik,BARDHAMAN UTTAR (SC),AITC,0,12th Pass,425000,~ 4 Lacs+,0,~
28,Sujit Chakraborty,BARJORA,CPI(M),3,Graduate,1948712,~ 19 Lacs+,1485000,~ 14 Lacs+
29,Silbhadra Datta,BARRACKPUR,AITC,1,Post Graduate,2732409,~ 27 Lacs+,0,~
30,Biman Banerjee,BARUIPUR PASCHIM,AITC,0,Post Graduate,17786577,~ 1 Crore+,0,~
31,Nirmal Chandra Mondal,BARUIPUR PURBA (SC),AITC,0,Graduate,6733357,~ 67 Lacs+,0,~
32,Gobinda Chandra Naskar,BASANTI (SC),AITC,0,Post Graduate,26508230,~ 2 Crore+,0,~
33,Dipendu Biswas,BASIRHAT DAKSHIN,AITC,0,Graduate,2417463,~ 24 Lacs+,347865,~ 3 Lacs+
34,Rafikul Islam Mondal,BASIRHAT UTTAR,CPI(M),2,Post Graduate,5157729,~ 51 Lacs+,0,~
35,Partha Chatterjee,BEHALA PASCHIM,AITC,0,Doctorate,16059386,~ 1 Crore+,3200000,~ 32 Lacs+
36,Sovan Chatterjee,BEHALA PURBA,AITC,0,Graduate Professional,67259912,~ 6 Crore+,0,~
37,Safiujjaman Seikh,BELDANGA,INC,0,12th Pass,5556248,~ 55 Lacs+,0,~
38,Paresh Paul,BELEGHATA,AITC,2,Graduate,10838040,~ 1 Crore+,0,~
39,Mamata Banerjee,BHABANIPORE,AITC,0,Post Graduate,3045013,~ 30 Lacs+,0,~
40,Mahasin Ali,BHAGABAN GOLA,CPI(M),3,Post Graduate,7748935,~ 77 Lacs+,0,~
41,Ardhendu Maity,BHAGABANPUR,AITC,0,Graduate Professional,2281600,~ 22 Lacs+,0,~
42,Abdur Razzak Molla,BHANGAR,AITC,0,Graduate,11350035,~ 1 Crore+,0,~
43,Kamalesh Chatterjee,BHARATPUR,INC,2,12th Pass,895832,~ 8 Lacs+,0,~
44,Subhash Mondal,BHATAR,AITC,0,Graduate Professional,2614003,~ 26 Lacs+,777433,~ 7 Lacs+
45,Arjun Singh,BHATPARA,AITC,11,10th Pass,4870447,~ 48 Lacs+,1100000,~ 11 Lacs+
46,Sujit Bose,BIDHAN NAGAR,AITC,0,10th Pass,13275749,~ 1 Crore+,1343723,~ 13 Lacs+
47,Subhranshu Roy,BIJPUR,AITC,0,Post Graduate,17712683,~ 1 Crore+,1849801,~ 18 Lacs+
48,Khagendranath Hembram,BINPUR (ST),AITC,0,12th Pass,411724,~ 4 Lacs+,0,~
49,Tusharkanti Bhattacharya,BISHNUPUR,INC,1,12th Pass,14434296,~ 1 Crore+,130000,~ 1 Lacs+
50,Dilip Mondal,BISHNUPUR (SC),AITC,4,12th Pass,19267197,~ 1 Crore+,3244784,~ 32 Lacs+
51,Chandranath Sinha,BOLPUR,AITC,0,Post Graduate,16236458,~ 1 Crore+,0,~
52,Surajit Kumar Biswas,BONGAON DAKSHIN (SC),AITC,0,Graduate,8839195,~ 88 Lacs+,325996,~ 3 Lacs+
53,Biswajit Das,BONGAON UTTAR (SC),AITC,3,10th Pass,2249337,~ 22 Lacs+,0,~
54,Ashok Kumar Deb,BUDGE BUDGE,AITC,0,Graduate Professional,1411000,~ 14 Lacs+,0,~
55,Protima Rajak,BURWAN (SC),INC,0,Graduate,419254,~ 4 Lacs+,0,~
56,Shyamal Mondal,CANNING PASCHIM (SC),AITC,0,Graduate,5224728,~ 52 Lacs+,0,~
57,Saokat Molla,CANNING PURBA,AITC,0,12th Pass,17553136,~ 1 Crore+,553163,~ 5 Lacs+
58,Ratna Ghosh (kar),CHAKDAH,AITC,0,Post Graduate,1744797,~ 17 Lacs+,200000,~ 2 Lacs+
59,Abdul Mannan,CHAMPDANI,INC,1,Graduate Professional,3461607,~ 34 Lacs+,0,~
60,Asif Mehbub,CHANCHAL,INC,0,Post Graduate,4880865,~ 48 Lacs+,0,~
61,Indranil Sen,CHANDANNAGAR,AITC,0,Othe,66782498,~ 6 Crore+,8388670,~ 83 Lacs+
62,Amiyakanti Bhattacharjee,CHANDIPUR,AITC,2,12th Pass,4994862,~ 49 Lacs+,0,~
63,Swati Khandoker,CHANDITALA,AITC,0,12th Pass,3811189,~ 38 Lacs+,0,~
64,Chhaya Dolai,CHANDRAKONA (SC),AITC,0,10th Pass,882429,~ 8 Lacs+,0,~
65,Rukbanur Rahman,CHAPRA,AITC,0,Post Graduate,273695,~ 2 Lacs+,0,~
66,Dhirendra Nath Layek,CHHATNA,Revolutionary Socialist Party,0,12th Pass,1240138,~ 12 Lacs+,195275,~ 1 Lacs+
67,Hamidul Rahaman,CHOPRA,AITC,1,10th Pass,11107399,~ 1 Crore+,0,~
68,Nayna Bandyopadhyay,CHOWRANGEE,AITC,1,12th Pass,24509453,~ 2 Crore+,45000,~ 45 Thou+
69,Asit Mazumder,CHUNCHURA,AITC,1,Graduate Professional,16129746,~ 1 Crore+,10194,~ 10 Thou+
70,Mihir Goswami,COOCHBEHAR DAKSHIN,AITC,0,Graduate Professional,10330101,~ 1 Crore+,0,~
71,Nagendra Nath Roy,COOCHBEHAR UTTAR (SC),AIFB,0,Post Graduate,6259725,~ 62 Lacs+,234109,~ 2 Lacs+
72,Goutam Deb,DABGRAM-PHULBARI,AITC,0,Graduate Professional,11756254,~ 1 Crore+,0,~
73,Bikram Chandra Pradhan,DANTAN,AITC,2,12th Pass,993817,~ 9 Lacs+,0,~
74,Amar Singh Rai,DARJEELING,Gorkha Janmukti Morcha,0,Post Graduate,13373536,~ 1 Crore+,480260,~ 4 Lacs+
75,Mamata Bhunia,DASPUR,AITC,0,10th Pass,954356,~ 9 Lacs+,0,~
76,Selima Khatun (bibi),DEBRA,AITC,0,Post Graduate,4113000,~ 41 Lacs+,3220000,~ 32 Lacs+
77,Rahima Mondal,DEGANGA,AITC,0,10th Pass,3955081,~ 39 Lacs+,0,~
78,Asima Patra,DHANEKHALI (SC),AITC,2,12th Pass,1872673,~ 18 Lacs+,510621,~ 5 Lacs+
79,Mitali Roy,DHUPGURI (SC),AITC,0,12th Pass,11951268,~ 1 Crore+,7400597,~ 74 Lacs+
80,Dipak Kumar Halder,DIAMOND HARBOUR,AITC,4,Graduate,2494241,~ 24 Lacs+,0,~
81,Udayan Guha,DINHATA,AITC,2,Graduate,31759056,~ 3 Crore+,1129071,~ 11 Lacs+
82,Rajib Banerjee,DOMJUR,AITC,0,Post Graduate,7828208,~ 78 Lacs+,0,~
83,Anisur Rahaman Sarkar,DOMKAL,CPI(M),0,Post Graduate,10243190,~ 1 Crore+,0,~
84,Naresh Chandra Bauri,DUBRAJPUR (SC),AITC,1,Post Graduate,5474715,~ 54 Lacs+,0,~
85,Bratyabrata Basu,DUM DUM,AITC,0,Post Graduate,19529177,~ 1 Crore+,0,~
86,Tanmoy Bhattacharya,DUM DUM UTTAR,CPI(M),0,Graduate,6688985,~ 66 Lacs+,0,~
87,Bishwanath Parial,DURGAPUR PASCHIM,INC,3,12th Pass,3953547,~ 39 Lacs+,0,~
88,Santosh Debray,DURGAPUR PURBA,CPI(M),0,12th Pass,7719193,~ 77 Lacs+,0,~
89,Nihar Ranjan Ghosh,ENGLISH BAZAR,IND,1,12th Pass,10200639,~ 1 Crore+,11657392,~ 1 Crore+
90,Swarna Kamal Saha,ENTALLY,AITC,0,Graduate Professional,66935435,~ 6 Crore+,0,~
91,Mainul Haque,FARAKKA,INC,2,10th Pass,12492103,~ 1 Crore+,5171718,~ 51 Lacs+
92,Pulin Bihari Ray,GAIGHATA (SC),AITC,0,Graduate,19411857,~ 1 Crore+,242114,~ 2 Lacs+
93,Alok Kumar Majhi,GALSI (SC),AITC,0,Graduate,668504,~ 6 Lacs+,0,~
94,Goutam Das,GANGARAMPUR (SC),INC,0,Graduate,3494838,~ 34 Lacs+,45000,~ 45 Thou+
95,Ashis Chakraborty,GARBETA,AITC,0,12th Pass,5055741,~ 50 Lacs+,500000,~ 5 Lacs+
96,Dipali Biswas,GAZOLE (SC),CPI(M),0,10th Pass,13537689,~ 1 Crore+,2690000,~ 26 Lacs+
97,Shankar Dolai,GHATAL (SC),AITC,0,Graduate,8928547,~ 89 Lacs+,0,~
98,Md Gulam Rabbani,GOALPOKHAR,AITC,0,Post Graduate,2365000,~ 23 Lacs+,0,~
99,Manas Majumdar,GOGHAT (SC),AITC,1,Graduate,876014,~ 8 Lacs+,0,~
100,Churamani Mahata,GOPIBALLAVPUR,AITC,0,10th Pass,579237,~ 5 Lacs+,0,~
101,Jayanta Naskar,GOSABA (SC),AITC,3,8th Pass,9806074,~ 98 Lacs+,0,~
102,Khagen Murmu,HABIBPUR (ST),CPI(M),4,Graduate,6269687,~ 62 Lacs+,211000,~ 2 Lacs+
103,Jyoti Priya Mallick,HABRA,AITC,0,Graduate Professional,15103087,~ 1 Crore+,0,~
104,Tapasi Mondal,HALDIA (SC),CPI(M),0,10th Pass,5131714,~ 51 Lacs+,778477,~ 7 Lacs+
105,Miltan Rasid,HANSAN,INC,0,Post Graduate,3427605,~ 34 Lacs+,0,~
106,Niamot Sheikh,HARIHARPARA,AITC,1,8th Pass,13337851,~ 1 Crore+,1496000,~ 14 Lacs+
107,Nilima Nag (mallick),HARINGHATA (SC),AITC,0,12th Pass,3541342,~ 35 Lacs+,0,~
108,Becharam Manna,HARIPAL,AITC,21,10th Pass,9041251,~ 90 Lacs+,0,~
109,Rafikul Islam,HARIRAMPUR,CPI(M),3,12th Pass,1935538,~ 19 Lacs+,0,~
110,Mostaque Alam,HARISCHANDRAPUR,INC,0,Post Graduate,10496122,~ 1 Crore+,0,~
111,Sk.nurul Islam,HAROA,AITC,0,12th Pass,7957321,~ 79 Lacs+,938508,~ 9 Lacs+
112,Debes Mandal,HINGALGANJ (SC),AITC,1,Graduate,1804855,~ 18 Lacs+,50000,~ 50 Thou+
113,Brajamohan Majumder,HOWRAH DAKSHIN,AITC,0,Post Graduate,5736176,~ 57 Lacs+,0,~
114,Arup Roy,HOWRAH MADHYA,AITC,0,Graduate Professional,27303482,~ 2 Crore+,2361469,~ 23 Lacs+
115,Laxmi Ratan Shukla,HOWRAH UTTAR,AITC,0,10th Pass,51607445,~ 5 Crore+,50000,~ 50 Thou+
116,Kanaia Lal Agarwal,ISLAMPUR,INC,6,Post Graduate,17204677,~ 1 Crore+,0,~
117,Amal Acharjee,ITAHAR,AITC,0,12th Pass,12154357,~ 1 Crore+,1419292,~ 14 Lacs+
118,Sujan Chakraborty,JADAVPUR,CPI(M),0,Doctorate,5162458,~ 51 Lacs+,118000,~ 1 Lacs+
119,Md. Abdul Ghani,JAGATBALLAVPUR,AITC,0,Post Graduate,31915688,~ 3 Crore+,0,~
120,Parash Dutta,JAGATDAL,AITC,0,Graduate,5926000,~ 59 Lacs+,0,~
121,Abdur Razzak Mandal,JALANGI,CPI(M),0,Post Graduate,6721689,~ 67 Lacs+,0,~
122,Sukhbilas Barma,JALPAIGURI (SC),INC,0,Doctorate,30853789,~ 3 Crore+,248000,~ 2 Lacs+
123,Samar Hazra,JAMALPUR (SC),CPI(M),0,10th Pass,867324,~ 8 Lacs+,60000,~ 60 Thou+
124,Jahanara Khan,JAMURIA,CPI(M),1,Graduate,1081339,~ 10 Lacs+,0,~
125,Snehasis Chakraborty,JANGIPARA,AITC,2,Post Graduate,3933044,~ 39 Lacs+,500000,~ 5 Lacs+
126,Jakir Hossain,JANGIPUR,AITC,0,10th Pass,270663262,~ 27 Crore+,9773153,~ 97 Lacs+
127,Biswanath Das,JAYNAGAR (SC),AITC,0,Post Graduate,4685523,~ 46 Lacs+,449761,~ 4 Lacs+
128,Smita Bakshi,JORASANKO,AITC,1,Graduate,21281719,~ 2 Crore+,3029516,~ 30 Lacs+
129,Shaktipada Mahato,JOYPUR,AITC,0,8th Pass,1445000,~ 14 Lacs+,0,~
130,Manturam Pakhira,KAKDWIP,AITC,2,10th Pass,802335,~ 8 Lacs+,0,~
131,Wilson Champramary,KALCHINI (ST),AITC,2,8th Pass,5351808,~ 53 Lacs+,93492,~ 93 Thou+
132,Pramatha Nath Ray,KALIAGANJ (SC),INC,0,Post Graduate,2439010,~ 24 Lacs+,0,~
133,Hasanuzzaman Sk,KALIGANJ,INC,5,12th Pass,15108048,~ 1 Crore+,0,~
134,Sarita Rai,KALIMPONG,Gorkha Janmukti Morcha,0,Post Graduate,2328512,~ 23 Lacs+,1447120,~ 14 Lacs+
135,Biswajit Kundu,KALNA (SC),AITC,0,10th Pass,6635590,~ 66 Lacs+,1566286,~ 15 Lacs+
136,Dr. Ramendra Nath Biswas,KALYANI (SC),AITC,0,Doctorate,11087283,~ 1 Crore+,0,~
137,Manash Mukherjee,KAMARHATI,CPI(M),0,Graduate,6566679,~ 65 Lacs+,0,~
138,Apurba Sarkar,KANDI,INC,4,12th Pass,43864422,~ 4 Crore+,2113335,~ 21 Lacs+
139,Dibyendu Adhikari,KANTHI DAKSHIN,AITC,0,Graduate,18224378,~ 1 Crore+,805869,~ 8 Lacs+
140,Banasri Maity,KANTHI UTTAR,AITC,0,Graduate,5802934,~ 58 Lacs+,195840,~ 1 Lacs+
141,Manodeb Sinha,KARANDIGHI,AITC,0,Post Graduate,4396345,~ 43 Lacs+,1673511,~ 16 Lacs+
142,Mahua Moitra,KARIMPUR,AITC,0,Graduate,25059546,~ 2 Crore+,0,~
143,Javed Ahmed Khan,KASBA,AITC,2,Graduate,172981869,~ 17 Crore+,301985861,~ 30 Crore+
144,Swapan Kumar Beltharia,KASHIPUR,AITC,1,8th Pass,4987515,~ 49 Lacs+,1080000,~ 10 Lacs+
145,Mala Saha,KASHIPUR-BELGACHIA,AITC,0,Post Graduate,8788944,~ 87 Lacs+,1257639,~ 12 Lacs+
146,Rabindranath Chatterjee,KATWA,AITC,1,Graduate,15674547,~ 1 Crore+,0,~
147,Paresh Murmu,KESHIARY (ST),AITC,0,Graduate,1157926,~ 11 Lacs+,0,~
148,Seuli Saha,KESHPUR (SC),AITC,0,Graduate Professional,18866243,~ 1 Crore+,274000,~ 2 Lacs+
149,Sekh Sahanawaz,KETUGRAM,AITC,15,12th Pass,2914169,~ 29 Lacs+,51700,~ 51 Thou+
150,Iqbal Ahmed,KHANAKUL,AITC,4,10th Pass,101099733,~ 10 Crore+,5100000,~ 51 Lacs+
151,Nabin Chandra Bag,KHANDAGHOSH (SC),AITC,0,Post Graduate,492497,~ 4 Lacs+,0,~
152,Dinen Roy,KHARAGPUR,AITC,0,12th Pass,20174205,~ 2 Crore+,0,~
153,Dilip Kumar Ghosh,KHARAGPUR SADAR,BJP,1,Othe,3029070,~ 30 Lacs+,0,~
154,Amit Kumar Mitra,KHARDAHA,AITC,0,Doctorate,117481555,~ 11 Crore+,0,~
155,Ashis Marjit,KHARGRAM (SC),INC,1,10th Pass,960303,~ 9 Lacs+,25188,~ 25 Thou+
156,Ranajit Mondal,KHEJURI (SC),AITC,4,Graduate,2684127,~ 26 Lacs+,0,~
157,Firhad Hakim,KOLKATA PORT,AITC,0,Graduate,60516261,~ 6 Crore+,5282729,~ 52 Lacs+
158,Shyamal Santra,KOTULPUR (SC),AITC,0,Post Graduate,2714191,~ 27 Lacs+,568438,~ 5 Lacs+
159,Satyajit Biswas,KRISHNAGANJ (SC),AITC,2,12th Pass,2165724,~ 21 Lacs+,45047,~ 45 Thou+
160,Ujjal Biswas,KRISHNANAGAR DAKSHIN,AITC,0,Graduate,21860580,~ 2 Crore+,89849,~ 89 Thou+
161,Jogaranjan Halder,KULPI,AITC,0,Graduate Professional,11196334,~ 1 Crore+,0,~
162,Ramsankar Halder,KULTALI (SC),CPI(M),0,10th Pass,830237,~ 8 Lacs+,0,~
163,Ujjal Chatterjee,KULTI,AITC,0,Graduate,2534808,~ 25 Lacs+,0,~
164,Toraf Hossain Mandal,KUMARGANJ,AITC,0,Graduate,3679352,~ 36 Lacs+,300000,~ 3 Lacs+
165,Rohit Sharma,KUEONG,Gorkha Janmukti Morcha,0,Doctorate,7353095,~ 73 Lacs+,100000,~ 1 Lacs+
166,Narmada Chandra Roy,KUSHMUNDI (SC),Revolutionary Socialist Party,0,Graduate,5017775,~ 50 Lacs+,32500,~ 32 Thou+
167,Monirul Islam,LABPUR,AITC,1,12th Pass,4168820,~ 41 Lacs+,0,~
168,Abu Hena,LALGOLA,INC,0,Post Graduate,10373519,~ 1 Crore+,204694,~ 2 Lacs+
169,Manoj Tigga,MADARIHAT (ST),BJP,3,Graduate,610642,~ 6 Lacs+,482000,~ 4 Lacs+
170,Rathin Ghosh,MADHYAMGRAM,AITC,1,12th Pass,3303404,~ 33 Lacs+,0,~
171,Gias Uddin Molla,MAGRAHAT PASCHIM,AITC,1,10th Pass,6043641,~ 60 Lacs+,519756,~ 5 Lacs+
172,Namita Saha,MAGRAHAT PURBA (SC),AITC,6,Graduate Professional,5832918,~ 58 Lacs+,0,~
173,Kasturi Das,MAHESHTALA,AITC,0,8th Pass,110260556,~ 11 Crore+,0,~
174,Bulu Chik Baraik,MAL (ST),AITC,0,8th Pass,810645,~ 8 Lacs+,0,~
175,Alberuni Zulkarnain,MALATIPUR,INC,0,Post Graduate,4200000,~ 42 Lacs+,0,~
176,Bhupendra Nath Halder,MALDA (SC),INC,3,Graduate,2464457,~ 24 Lacs+,327646,~ 3 Lacs+
177,Sandhya Rani Tudu,MANBAZAR (ST),AITC,0,10th Pass,5397129,~ 53 Lacs+,1000000,~ 10 Lacs+
178,Joydeb Halder,MANDIRBAZAR (SC),AITC,3,10th Pass,1888725,~ 18 Lacs+,0,~
179,Siddiqullah Chowdhury,MANGALKOT,AITC,1,Graduate,13925322,~ 1 Crore+,131680,~ 1 Lacs+
180,Md. Mottakin Alam,MANICKCHAK,INC,0,10th Pass,13012428,~ 1 Crore+,0,~
181,Sadhan Pande,MANIKTALA,AITC,0,Graduate Professional,42518499,~ 4 Crore+,0,~
182,Binay Krishna Barman,MATHABHANGA (SC),AITC,0,Graduate Professional,18335744,~ 1 Crore+,0,~
183,Sankar Malakar,MATIGARA-NAXALBARI (SC),INC,0,Literate,31540813,~ 3 Crore+,700000,~ 7 Lacs+
184,Ananta Deb Adhikari,MAYNAGURI (SC),AITC,0,Graduate,10938513,~ 1 Crore+,132877,~ 1 Lacs+
185,Abhijit Roy,MAYURESWAR,AITC,0,Graduate,3974548,~ 39 Lacs+,0,~
186,Arghya Roy Pradhan,MEKLIGANJ (SC),AITC,0,Graduate,3870220,~ 38 Lacs+,0,~
187,Nargis Begum,MEMARI,AITC,0,10th Pass,7140187,~ 71 Lacs+,0,~
188,Abdul Khaleque Molla,METIABRUZ,AITC,2,12th Pass,2818215,~ 28 Lacs+,0,~
189,Usha Rani Mondal,MINAKHAN (SC),AITC,0,8th Pass,6410030,~ 64 Lacs+,0,~
190,Sajal Panja,MONTESWAR,AITC,0,12th Pass,4714667,~ 47 Lacs+,133000,~ 1 Lacs+
191,Sabina Yeasmin,MOTHABARI,INC,0,Post Graduate,15068457,~ 1 Crore+,0,~
192,Sangram Kumar Dolai,MOYNA,AITC,0,Post Graduate,8183915,~ 81 Lacs+,181067,~ 1 Lacs+
193,Abdur Rahaman,MURARAI,AITC,1,Graduate,39494623,~ 3 Crore+,3467272,~ 34 Lacs+
194,Shaoni Singha Roy,MUHIDABAD,INC,1,Graduate,2847156,~ 28 Lacs+,1148000,~ 11 Lacs+
195,Pundarikakshya Saha,NABADWIP,AITC,0,Graduate,75423,~ 75 Thou+,0,~
196,Kanai Chandra Mondal,NABAGRAM (SC),CPI(M),1,Graduate,2287548,~ 22 Lacs+,0,~
197,Sukra Munda,NAGRAKATA (ST),AITC,0,12th Pass,353728,~ 3 Lacs+,112000,~ 1 Lacs+
198,Partha Bhowmick,NAIHATI,AITC,3,Post Graduate,13741658,~ 1 Crore+,4665718,~ 46 Lacs+
199,Kallol Khan,NAKASHIPARA,AITC,1,12th Pass,1197645,~ 11 Lacs+,44715,~ 44 Thou+
200,Moinuddin Shams,NALHATI,AITC,0,Post Graduate,32635702,~ 3 Crore+,400000,~ 4 Lacs+
201,Sukumar De,NANDAKUMAR,AITC,0,Graduate,2238536,~ 22 Lacs+,0,~
202,Suvendu Adhikari,NANDIGRAM,AITC,1,Post Graduate,6260742,~ 62 Lacs+,0,~
203,Shyamali Pradhan,NANOOR (SC),CPI(M),0,Graduate,594838,~ 5 Lacs+,0,~
204,Prodyut Kumar Ghosh,NARAYANGARH,AITC,0,Graduate Professional,7663504,~ 76 Lacs+,0,~
205,Rabindra Nath Ghosh,NATABARI,AITC,0,Graduate,55504333,~ 5 Crore+,2541075,~ 25 Lacs+
206,Dulal Murmu,NAYAGRAM (ST),AITC,0,Post Graduate,4544747,~ 45 Lacs+,148179,~ 1 Lacs+
207,Madhusudan Ghose,NOAPARA,INC,0,12th Pass,18355188,~ 1 Crore+,0,~
208,Abu Taher Khan,NOWDA,INC,3,12th Pass,4906800,~ 49 Lacs+,543000,~ 5 Lacs+
209,Arup Kumar Khan,ONDA,AITC,0,Graduate,3134794,~ 31 Lacs+,0,~
210,Tapas Kumar Saha,PALASHIPARA,AITC,2,Graduate,2793519,~ 27 Lacs+,0,~
211,Gulsan Mullick,PANCHLA,AITC,3,12th Pass,9001170,~ 90 Lacs+,1228632,~ 12 Lacs+
212,Jitendra Nath Tewari,PANDABESWAR,AITC,2,Graduate Professional,3787971,~ 37 Lacs+,2200000,~ 22 Lacs+
213,Sk. Amjad Hossain,PANDUA,CPI(M),4,Graduate Professional,3044898,~ 30 Lacs+,460051,~ 4 Lacs+
214,Nirmal Ghosh,PANIHATI,AITC,0,Graduate,4915472,~ 49 Lacs+,0,~
215,Phiroja Bibi,PANSKURA PASCHIM,AITC,2,8th Pass,1369174,~ 13 Lacs+,0,~
216,Sk Ibrahim Ali,PANSKURA PURBA,CPI(M),3,Graduate,49730,~ 49 Thou+,0,~
217,Umapada Bauri,PARA (SC),AITC,0,Graduate,2094819,~ 20 Lacs+,0,~
218,Jyotirmoy Kar,PATASHPUR,AITC,0,Post Graduate,8716354,~ 87 Lacs+,0,~
219,Samir Kumar Jana,PATHARPRATIMA,AITC,6,Post Graduate,2222764,~ 22 Lacs+,0,~
220,Sunil Chandra Tirkey,PHANSIDEWA (ST),INC,0,Graduate,5475920,~ 54 Lacs+,0,~
221,Saumen Kumar Mahapatra,PINGLA,AITC,0,Doctorate,78338249,~ 7 Crore+,0,~
222,Swapan Debnath,PURBASTHALI DAKSHIN,AITC,1,Post Graduate,6832901,~ 68 Lacs+,0,~
223,Pradip Kumar Saha,PURBASTHALI UTTAR,CPI(M),0,Post Graduate,9143147,~ 91 Lacs+,590000,~ 5 Lacs+
224,Md. Nuruzzaman,PUURAH,AITC,0,Post Graduate,9780294,~ 97 Lacs+,500000,~ 5 Lacs+
225,Sudip Kumar Mukherjee,PURULIA,INC,3,8th Pass,1157945,~ 11 Lacs+,0,~
226,Akhruzzaman,RAGHUNATHGANJ,INC,1,Graduate Professional,10183749,~ 1 Crore+,0,~
227,Purnachandra Bauri,RAGHUNATHPUR (SC),AITC,0,10th Pass,4663247,~ 46 Lacs+,0,~
228,Debasree Roy,RAIDIGHI,AITC,0,12th Pass,4930893,~ 49 Lacs+,0,~
229,Mohit Sengupta,RAIGANJ,INC,3,Graduate,6957793,~ 69 Lacs+,112062,~ 1 Lacs+
230,Nepal Ghorui,RAINA (SC),AITC,2,Graduate,791261,~ 7 Lacs+,0,~
231,Birendra Nath Tudu,RAIPUR (ST),AITC,0,10th Pass,1951753,~ 19 Lacs+,0,~
232,Purnendu Basu,RAJARHAT GOPALPUR,AITC,0,Graduate,3236195,~ 32 Lacs+,0,~
233,Sabyasachi Dutta,RAJARHAT NEW TOWN,AITC,0,Graduate Professional,23579034,~ 2 Crore+,788485,~ 7 Lacs+
234,Khageswar Roy,RAJGANJ,AITC,0,12th Pass,4573211,~ 45 Lacs+,457282,~ 4 Lacs+
235,Akhil Giri,RAMNAGAR,AITC,8,12th Pass,4690856,~ 46 Lacs+,0,~
236,Asish Banerjee,RAMPURHAT,AITC,0,Doctorate,15959415,~ 1 Crore+,0,~
237,Rama Biswas,RANAGHAT DAKSHIN (SC),CPI(M),1,Post Graduate,3102658,~ 31 Lacs+,0,~
238,Sankar Singha,RANAGHAT UTTAR PASCHIM,INC,0,8th Pass,11098647,~ 1 Crore+,0,~
239,Samir Kumar Poddar,RANAGHAT UTTAR PURBA (SC),AITC,0,Graduate,25536964,~ 2 Crore+,0,~
240,Jyostna Mandi,RANIBANDH (ST),AITC,0,Othe,196633,~ 1 Lacs+,30000,~ 30 Thou+
241,Runu Dutta,RANIGANJ,CPI(M),5,10th Pass,1771756,~ 17 Lacs+,0,~
242,Firoza Begam,RANINAGAR,INC,0,Post Graduate,9256378,~ 92 Lacs+,0,~
243,Sobhandeb Chattopadhyay,RASHBEHARI,AITC,0,Graduate Professional,15870827,~ 1 Crore+,0,~
244,Samar Mukherjee,RATUA,INC,0,12th Pass,5433190,~ 54 Lacs+,0,~
245,Rabiul Alam Chowdhury,REJINAGAR,INC,1,Graduate,9420577,~ 94 Lacs+,283791,~ 2 Lacs+
246,Manas Ranjan Bhunia,SABANG,INC,0,Graduate Professional,34923709,~ 3 Crore+,1078764,~ 10 Lacs+
247,Bankim Chandra Hazra,SAGAR,AITC,0,Post Graduate,5233696,~ 52 Lacs+,0,~
248,Subrata Saha,SAGARDIGHI,AITC,0,Graduate Professional,20124621,~ 2 Crore+,1923579,~ 19 Lacs+
249,Nilabati Saha,SAINTHIA (SC),AITC,0,Graduate,7537910,~ 75 Lacs+,0,~
250,Srikanta Mahata,SALBONI,AITC,1,Graduate,3436723,~ 34 Lacs+,0,~
251,Swapan Bouri,SALTORA (SC),AITC,0,10th Pass,2448594,~ 24 Lacs+,0,~
252,Amirul Islam,SAMSERGANJ,AITC,3,Graduate,4281847,~ 42 Lacs+,90750,~ 90 Thou+
253,Sukumar Mahata,SANDESHKHALI (ST),AITC,1,Post Graduate,454664,~ 4 Lacs+,106142,~ 1 Lacs+
254,Sital Kumar Sardar,SANKRAIL (SC),AITC,0,12th Pass,8166866,~ 81 Lacs+,456024,~ 4 Lacs+
255,Arindam Bhattacharya,SANTIPUR,INC,1,Post Graduate,10225555,~ 1 Crore+,0,~
256,Tapan Dasgupta,SAPTAGRAM,AITC,0,Graduate,5649290,~ 56 Lacs+,2059137,~ 20 Lacs+
257,Sonali Guha (bose),SATGACHIA,AITC,2,Graduate,14501232,~ 1 Crore+,150000,~ 1 Lacs+
258,Jatu Lahiri,SHIBPUR,AITC,2,12th Pass,5450375,~ 54 Lacs+,0,~
259,Shashi Panja,SHYAMPUKUR,AITC,0,Graduate Professional,56803745,~ 5 Crore+,0,~
260,Kalipada Mandal,SHYAMPUR,AITC,0,Graduate Professional,4111066,~ 41 Lacs+,0,~
261,Asok Narayan Bhattacharya,SILIGURI,CPI(M),5,Graduate,2721701,~ 27 Lacs+,0,~
262,Rabindranath Bhattacharya,SINGUR,AITC,1,Post Graduate,6786423,~ 67 Lacs+,0,~
263,Jagadish Chandra Barma Basunia,SITAI (SC),AITC,5,Graduate Professional,12881223,~ 1 Crore+,0,~
264,Hiten Barman,SITALKUCHI (SC),AITC,0,12th Pass,2611132,~ 26 Lacs+,0,~
265,Ajit Ray,SONAMUKHI (SC),CPI(M),0,10th Pass,124797,~ 1 Lacs+,0,~
266,Jiban Mukhopadhyay,SONARPUR DAKSHIN,AITC,0,Post Graduate,75317728,~ 7 Crore+,0,~
267,Firdousi Begum,SONARPUR UTTAR,AITC,0,12th Pass,14990760,~ 1 Crore+,0,~
268,Dr. Sudipta Roy,SREERAMPUR,AITC,0,Post Graduate,49152747,~ 4 Crore+,0,~
269,Isha Khan Chodhury,SUJAPUR,INC,0,Graduate,2240713,~ 22 Lacs+,0,~
270,Asok Kumar Chattopadhyay,SURI,AITC,0,Post Graduate,135436705,~ 13 Crore+,43106920,~ 4 Crore+
271,Humayun Reza,SUTI,INC,0,Graduate Professional,9623550,~ 96 Lacs+,0,~
272,Bina Mondal,SWARUPNAGAR (SC),AITC,0,Graduate,3601058,~ 36 Lacs+,0,~
273,Samir Chakraborty,TALDANGRA,AITC,0,Graduate,405923000,~ 40 Crore+,0,~
274,Ashok Kumar Dinda,TAMLUK,CPI,1,Graduate Professional,2184873,~ 21 Lacs+,0,~
275,Bachchu Hansda,TAPAN (ST),AITC,0,Post Graduate,3615899,~ 36 Lacs+,0,~
276,Rachhpal Singh,TARAKESWAR,AITC,0,Graduate Professional,8670537,~ 86 Lacs+,7936089,~ 79 Lacs+
277,Gouri Sankar Dutta,TEHATTA,AITC,4,Graduate,6527894,~ 65 Lacs+,707785,~ 7 Lacs+
278,Aroop Biswas,TOLLYGUNJ,AITC,0,Graduate,8558365,~ 85 Lacs+,0,~
279,Fazal Karim Miah,TUFANGANJ,AITC,0,8th Pass,2427023,~ 24 Lacs+,0,~
280,Samir Kumar Panja,UDAYNARAYANPUR,AITC,1,Graduate Professional,13410622,~ 1 Crore+,0,~
281,Pulak Roy,ULUBERIA DAKSHIN,AITC,6,Graduate,14121155,~ 1 Crore+,1468884,~ 14 Lacs+
282,Haider Aziz Safwi,ULUBERIA PURBA,AITC,0,Post Graduate,64368264,~ 6 Crore+,0,~
283,Dr. Nirmal Maji,ULUBERIA UTTAR (SC),AITC,0,Graduate Professional,2328025,~ 23 Lacs+,25906,~ 25 Thou+
284,Prabir Kumar Ghosal,UTTARPARA,AITC,0,Graduate,7704627,~ 77 Lacs+,365000,~ 3 Lacs+
1,Pawan Kumar Singh,BHATPARA : BYE ELECTION ON 19-05-2019,BJP,0,Graduate,57528207,~ 5 Crore+,16250000,~ 1 Crore+
2,Neeraj Tamang Zimba,DARJEELING : BYE ELECTION ON 19-05-2019,BJP,2,Post Graduate,6440811,~ 64 Lacs+,0,~
3,Joyel Murmu,HABIBPUR : BYE ELECTION ON 19-05-2019,BJP,0,8th Pass,2699953,~ 26 Lacs+,0,~
4,Abdul Karim Chowdhary,ISLAMPUR : BYE ELECTION ON 19-05-2019,AITC,5,12th Pass,13040046,~ 1 Crore+,546459,~ 5 Lacs+
5,Tapan Deb Singha,KALIAGANJ : BYE ELECTION ON 25-11-2019,AITC,0,Graduate,11657155,~ 1 Crore+,977742,~ 9 Lacs+
6,Shafiul Alam Khan (banu Khan),KANDI : BYE ELECTION ON 19-05-2019,INC,4,12th Pass,5778620,~ 57 Lacs+,1217303,~ 12 Lacs+
7,Chandrima Bhattacharya,KANTHI DAKSHIN : BYE ELECTION ON 9-04-2017,AITC,0,Graduate Professional,2433025,~ 24 Lacs+,0,~
8,Bimalendu Sinha Roy,KARIMPUR : BYE ELECTION ON 25-11-2019,AITC,0,Post Graduate,24957763,~ 2 Crore+,535297,~ 5 Lacs+
9,Pradip Sarkar,KHARAGPUR SADAR : BYE ELECTION ON 25-11-2019,AITC,0,Graduate,10274658,~ 1 Crore+,3300000,~ 33 Lacs+
10,Ashis Kumar Biswas,KRISHNAGANJ (SC) : BYE ELECTION ON 29-04-2019,BJP,0,10th Pass,11247779,~ 1 Crore+,0,~
11,Dulal Chandra Das,MAHESHTALA : BYE ELECTION ON 28-05-2018,AITC,0,8th Pass,92757128,~ 9 Crore+,0,~
12,Saikat Panja,MONTESWAR : BYE ELECTION ON 19-11-2016,AITC,0,Post Graduate,3423752,~ 34 Lacs+,526668,~ 5 Lacs+
13,Sunil Singh,NOAPARA : BYE ELECTION ON 29-01-2018,AITC,5,8th Pass,25658341,~ 2 Crore+,7711075,~ 77 Lacs+
14,Sahina Mamtaz Begum (khan),NOWDA : BYE ELECTION ON 19-05-2019,AITC,0,10th Pass,8220000,~ 82 Lacs+,0,~
15,Gita Rani Bhunia,SABANG : BYE- ELECTION ON 21-12-2017,AITC,0,8th Pass,55058407,~ 5 Crore+,3427209,~ 34 Lacs+
16,Idris Ali,ULUBERIA PURBA : BYE ELECTION ON 06-05-2019,AITC,4,Graduate Professional,22180028,~ 2 Crore+,0,~
